_id,availability,rentalkey,model,property_id,accessed,bathrooms,bedrooms,deposit,rent,minrent,maxrent,sqft
9a047368-6906-47e7-be97-4d478bc6d24d,Available Now,6edev9r,The Randoph,54a709e047079bd73a9dfb948caa8f35,2018-02-26 14:48:39.558647,1,1,200,905,,,520
82f4a6db-617b-41e5-948e-4b4bdb054a1b,Available Now,3232b8d,The Randoph,54a709e047079bd73a9dfb948caa8f35,2018-02-26 14:48:39.561519,1,1,0,895,,,520
2cd6e9e5-033a-4df1-bbf8-305890cd64e7,Available Now,wk37k6k,The Randoph,54a709e047079bd73a9dfb948caa8f35,2018-02-26 14:48:39.563576,1,1,0,895,,,520
67a461a1-6c00-4507-a1ed-2311abaa2c86,Available Now,r233k52,The Randoph,54a709e047079bd73a9dfb948caa8f35,2018-02-26 14:48:39.565571,1,1,0,895,,,520
3af144d1-3eec-4be7-910d-b9543bae7586,Available Now,jvw87x4,A1,fbebfdcb612059d8072a42fef251fb56,2018-02-26 14:48:40.288970,1,1,200,1079,,,671
05848969-7673-4e59-9871-7f4f83a8b3c3,Available Now,8rxycc0,A2,fbebfdcb612059d8072a42fef251fb56,2018-02-26 14:48:40.291679,1,1,200,,1119,1139,744
15a34b6b-2ae0-4e11-abb2-7cfbc066eae6,Available Now,79vckjy,A3,fbebfdcb612059d8072a42fef251fb56,2018-02-26 14:48:40.294006,1,1,200,1199,,,837
a4631fdf-5544-4726-9abe-88d9653cd6e7,Available Now,rtqf9q1,A4 G,fbebfdcb612059d8072a42fef251fb56,2018-02-26 14:48:40.296115,1,1,200,1239,,,847
3d65695b-2ce8-4f7b-bca8-613e094167a6,Available Now,sdfcqn4,A4,fbebfdcb612059d8072a42fef251fb56,2018-02-26 14:48:40.298115,1,1,125,1239,,,847
3e46e386-2c96-4d07-aac0-1e2ea115afcb,Available Now,bbq29f8,A2 Attached Garage,fbebfdcb612059d8072a42fef251fb56,2018-02-26 14:48:40.300138,1,1,125,1259,,,744
f8ae0896-9321-4f84-9756-64e45c02e349,Available Now,tmgdz6c,A3 Attached Garage,fbebfdcb612059d8072a42fef251fb56,2018-02-26 14:48:40.302135,1,1,125,,1339,1359,837
970e89fd-f31a-4094-beb6-66553849b2b5,Available Now,rz3fdg2,B1,fbebfdcb612059d8072a42fef251fb56,2018-02-26 14:48:40.304285,2,2,300,1459,,,1062
ea0a5950-80d6-4742-840d-b498a87f361d,Available Now,f59ryjv,B2,fbebfdcb612059d8072a42fef251fb56,2018-02-26 14:48:40.306293,2,2,125,1509,,,1153
06a3c94c-1597-49bf-89e5-fb1a08012a93,Available Now,p3k0rcs,B1 Attached Garage,fbebfdcb612059d8072a42fef251fb56,2018-02-26 14:48:40.308389,2,2,300,1599,,,1018
94156a93-9788-4f3a-88a6-ec99bc391655,Available Now,1q3e434,B3,fbebfdcb612059d8072a42fef251fb56,2018-02-26 14:48:40.310430,2,2,125,1599,,,1211
48f80564-a09c-4518-aabe-0fc5b08eab61,Available Now,9epbsd6,B2 Attached Garage,fbebfdcb612059d8072a42fef251fb56,2018-02-26 14:48:40.312455,2,2,125,,1659,1689,1109
86ea565e-624a-4ada-88cb-baa8502029d4,Available Now,l4g17kd,B3 Attached Garage,fbebfdcb612059d8072a42fef251fb56,2018-02-26 14:48:40.314470,2,2,125,,1769,1799,1168
1ff60c0f-3b11-416b-8677-69792f7b1f37,Available Now,14p2wd5,B4 Townhome with Attached Garage,fbebfdcb612059d8072a42fef251fb56,2018-02-26 14:48:40.316478,2,2,0,2149,,,1385
314df673-aeb7-48b6-b5dd-99b63660f3f6,Available Now,fz36dnv,C1,fbebfdcb612059d8072a42fef251fb56,2018-02-26 14:48:40.318491,2,3,450,1949,,,1356
1894a2ff-1c3b-4562-a856-1006bb9283bc,Available Now,33jj0pf,C1 Attached Garage,fbebfdcb612059d8072a42fef251fb56,2018-02-26 14:48:40.320494,2,3,450,2069,,,1323
2c6afe43-b010-4931-ad22-286dae6f4667,Available Now,jvw87x4,A1,fbebfdcb612059d8072a42fef251fb56,2018-02-26 14:48:40.322517,1,1,200,1079,,,671
f251da0d-1813-46cb-ae79-7de561187f09,Available Now,8rxycc0,A2,fbebfdcb612059d8072a42fef251fb56,2018-02-26 14:48:40.324530,1,1,200,,1119,1139,744
983a9495-0fd1-4541-8cb2-40df4b09eafb,Available Now,79vckjy,A3,fbebfdcb612059d8072a42fef251fb56,2018-02-26 14:48:40.326530,1,1,200,1199,,,837
5ef237fa-65fa-426d-b73c-914f25dc9227,Available Now,rtqf9q1,A4 G,fbebfdcb612059d8072a42fef251fb56,2018-02-26 14:48:40.328544,1,1,200,1239,,,847
a0d8ec29-77e8-4565-9e80-1b48d67a5cf5,Available Now,sdfcqn4,A4,fbebfdcb612059d8072a42fef251fb56,2018-02-26 14:48:40.330544,1,1,125,1239,,,847
91d23971-ff32-4383-a2ac-a76e9c55162f,Available Now,bbq29f8,A2 Attached Garage,fbebfdcb612059d8072a42fef251fb56,2018-02-26 14:48:40.332566,1,1,125,1259,,,744
d17061d4-cb6d-4d83-8bcc-150d9f05b543,Available Now,tmgdz6c,A3 Attached Garage,fbebfdcb612059d8072a42fef251fb56,2018-02-26 14:48:40.334584,1,1,125,,1339,1359,837
2655c0c2-d54b-4e40-8721-693c15bc934c,Available Now,rz3fdg2,B1,fbebfdcb612059d8072a42fef251fb56,2018-02-26 14:48:40.336593,2,2,300,1459,,,1062
ecf3283e-640c-44fc-8f61-998ee1312399,Available Now,f59ryjv,B2,fbebfdcb612059d8072a42fef251fb56,2018-02-26 14:48:40.338609,2,2,125,1509,,,1153
77e5c249-636c-4de5-aa8c-19f118d283fc,Available Now,p3k0rcs,B1 Attached Garage,fbebfdcb612059d8072a42fef251fb56,2018-02-26 14:48:40.340626,2,2,300,1599,,,1018
2a8410b4-08ce-4ea6-afb1-e673c09a77ef,Available Now,1q3e434,B3,fbebfdcb612059d8072a42fef251fb56,2018-02-26 14:48:40.342643,2,2,125,1599,,,1211
a7a8baf3-6cdc-498e-a91d-c266d5d47d34,Available Now,9epbsd6,B2 Attached Garage,fbebfdcb612059d8072a42fef251fb56,2018-02-26 14:48:40.344661,2,2,125,,1659,1689,1109
2285214f-825e-43b2-9b07-5cd4ec832a70,Available Now,l4g17kd,B3 Attached Garage,fbebfdcb612059d8072a42fef251fb56,2018-02-26 14:48:40.346678,2,2,125,,1769,1799,1168
e6aa67b3-3709-4d4b-a86c-7f33f08c3629,Available Now,14p2wd5,B4 Townhome with Attached Garage,fbebfdcb612059d8072a42fef251fb56,2018-02-26 14:48:40.348693,2,2,0,2149,,,1385
6355e37f-d515-41a8-84ce-0fe0c6c91184,Available Now,fz36dnv,C1,fbebfdcb612059d8072a42fef251fb56,2018-02-26 14:48:40.350694,2,3,450,1949,,,1356
d44e2504-7dba-42ce-a498-540f49b6aa81,Available Now,33jj0pf,C1 Attached Garage,fbebfdcb612059d8072a42fef251fb56,2018-02-26 14:48:40.352710,2,3,450,2069,,,1323
17f435b2-e2ff-41ef-af51-4e4636ed5116,Aug 5,,,5b7d7755af0c3383e28915bf7a9ef5d8,2018-02-26 14:48:40.802072,4,4,3920,3920,,,1598
6e5255c7-56fc-4b15-acbf-9c60182a6cd8,Jun 5,,,eaaa33829d05fd148bc310115999547b,2018-02-26 14:48:41.337317,3,4,3900,3900,,,1650
893a56f1-70aa-430b-8b97-05c46e36563f,Jun 1,,,24fc588076a2c9a947224adec70f0168,2018-02-26 14:48:41.853733,3,4,3700,3700,,,1650
95240598-88fd-4151-9104-4329e6c65716,Available Now,jvhnrw7,,dfaffb1afd2da10ac93b4f3f93b52b07,2018-02-26 14:48:42.513862,1,2,300,750,,,732
ceb2b21d-8075-4587-9e3c-a4f8e56f4482,Available Now,9y7exf4,,feb728bcd445f767c2017a5f79c08617,2018-02-26 14:48:43.106717,1,2,300,775,,,732
92096ac6-75fb-4bff-a19f-ae86ec03b983,Available Now,7th3j2y,,21c3f4301122c0506f838f823d492936,2018-02-26 14:48:43.571353,1,2,300,750,,,732
bcaddbf9-858c-49aa-949b-79ba2548cf9a,Available Now,x59emdp,Rose,761e9d374f1e0da48a81e96d99743fbe,2018-02-26 14:48:44.238182,1,1,300,1099,,,502
750e240b-8933-4f7c-8b91-1cbc9721ea4f,Available Now,8z02yn1,Tulip,761e9d374f1e0da48a81e96d99743fbe,2018-02-26 14:48:44.240675,1,1,300,1365,,,700
f6922fed-b782-41b1-b010-23e68c6a215b,Available Now,vy5c76g,Gardenia,761e9d374f1e0da48a81e96d99743fbe,2018-02-26 14:48:44.243627,2,2,500,1525,,,832
0d9bb98c-4e4d-4a01-ba3a-42aa4bcdd547,Available Now,0y5bzc1,Lantana,761e9d374f1e0da48a81e96d99743fbe,2018-02-26 14:48:44.246520,2,2,500,1999,,,1041
1dca1677-1c3a-4151-a590-4e92d4136219,Available Now,n585mbp,Primrose,761e9d374f1e0da48a81e96d99743fbe,2018-02-26 14:48:44.249377,2.5,3,500,2999,,,2159
6c66b292-9751-4818-8db3-2f4757955baa,Available Now,x59emdp,Rose,761e9d374f1e0da48a81e96d99743fbe,2018-02-26 14:48:44.252043,1,1,300,1099,,,502
237bbe91-e401-4978-aee4-1b147f4c4bee,Available Now,8z02yn1,Tulip,761e9d374f1e0da48a81e96d99743fbe,2018-02-26 14:48:44.254352,1,1,300,1365,,,700
7522b5e1-6e53-4240-8338-6d028cbd3a14,Available Now,vy5c76g,Gardenia,761e9d374f1e0da48a81e96d99743fbe,2018-02-26 14:48:44.256396,2,2,500,1525,,,832
fdf2e81f-31f1-4732-8fef-56212fef6a44,Available Now,0y5bzc1,Lantana,761e9d374f1e0da48a81e96d99743fbe,2018-02-26 14:48:44.258403,2,2,500,1999,,,1041
317d0374-ba76-4135-97ff-45e6aeb80a1f,Available Now,n585mbp,Primrose,761e9d374f1e0da48a81e96d99743fbe,2018-02-26 14:48:44.260400,2.5,3,500,2999,,,2159
b89418fe-b6e1-48f0-a3f9-574ce3981d6f,Available Now,,,0b588b2f3f3fb7689876618ac6d45125,2018-02-26 14:48:44.857537,2,3,1500,1500,,,1300
ec5515d3-5669-4fa0-bd63-5d2f794989a8,Available Now,,,957b69fee3d585661ff4057e7267a4ea,2018-02-26 14:48:45.462970,2,3,2195,1895,,,1782
3b294511-1612-410d-9743-7e31bd2f346e,Available Now,,,1c2e5b0af54d821f2340a836d68d51b3,2018-02-26 14:48:46.152991,2,2,2195,2195,,,1490
00820d2c-7fe9-4639-a341-8dbba9b57656,Available Now,,,1f4ea7ee39ae1619d1fb78aa71a16841,2018-02-26 14:48:46.666908,1,2,1800,1800,,,930
6bbe9bd3-b00c-4fd3-b37c-f5426a0d1d99,Available Now,,,4af2112546ec8aad60245e2b6c79e0bb,2018-02-26 14:48:47.346708,2,2,1595,1595,,,1045
520badfb-c1bb-4b60-a87d-a015c485a996,Available Now,,,4a9636193038a29f662ec65b00078949,2018-02-26 14:48:48.005616,2,3,1500,1800,,,1832
5109e31d-693f-47e8-b11e-c6b90b88ff8d,Available Now,,,ae655675136a5bf58ffa3bd278ca6954,2018-02-26 14:48:48.537685,1,3,1300,1300,,,1760
363ae326-a889-48b1-a3f7-d4cd7ef14fa0,Available Now,7m7w7ry,,f2912bdc9baadfcbbf75bcd4c8b0612a,2018-02-26 14:48:49.122464,2,3,2200,2200,,,1405
6e2c09cb-c9fa-45b1-b983-f4075ec9203b,Available Now,gx6xlzx,,144a34b0a3d872db3b13d0d0365f63d5,2018-02-26 14:48:49.667058,1,1,1450,1450,,,860
ff1a8138-c3b6-4056-8613-b852e9fc22ff,Available Now,,,e14010251a3af1f8b64bde9b3c6d7366,2018-02-26 14:48:50.345651,1,2,1100,1100,,,1216
2e8bd638-6c78-45cf-88d9-1468072c6704,Available Now,rlmfn43,,bdfaea078ce97750e2b7c7aacd64eaf9,2018-02-26 14:48:50.964364,2,3,250,3000,,,1942
8b72a487-b259-4a9e-ab6e-4098be9d4801,Available Now,,,7ea96baa7608b5b512fb3a083a9cc7ac,2018-02-26 14:48:51.546549,1,1,775,775,,,804
eebd7cd2-cd4e-442c-94ae-4fbe994e1fc8,Available Now,hq5ymv1,,c4b1023f153f401cfbe652765b0e1213,2018-02-26 14:48:52.161041,1,2,1775,1775,,,1122
70d01e84-49ac-46eb-9216-a432cab89658,Available Now,js08gw4,,528c15cc20c483fea17c00359b6329ae,2018-02-26 14:48:52.744864,1,1,250,1495,,,645
8c6c9a23-c774-4dd3-af48-0e31bdea9d22,Available Now,,,0138b928f922f315adf34ef7af87235a,2018-02-26 14:48:53.313402,1,2,1200,1200,,,997
d74c08e4-c507-45e9-a034-c27ebe13006c,Available Now,,,1259bed4cf1de0dce0d3be62e64be057,2018-02-26 14:48:53.961908,5,5,4500,4500,,,2650
2a5154d4-bde0-440d-b274-0f16eabb9d46,Available Now,,,8db91edf2e4f41e4820218c6a14e64ae,2018-02-26 14:48:55.102472,2,3,1150,1150,,,1484
e8249020-68f6-4c29-a9a3-423014bf3d29,Available Now,1r3jbe4,Plan I (B2.5A),8f0c4c8e2fa77438779a44d92badee47,2018-02-26 14:52:20.718910,2.5,2,1000,,5149,10726,1679
5c2392e0-3c08-4844-a186-003fd753e3ae,Available Now,xhy84eq,Plan I (B2.5A),8f0c4c8e2fa77438779a44d92badee47,2018-02-26 14:52:20.721040,2.5,2,1000,,5149,10726,1679
55f0e108-74f1-4d33-b00c-835e1dbc0fad,Mar 19,m2by0ml,Plan B (A1B),8f0c4c8e2fa77438779a44d92badee47,2018-02-26 14:52:20.723027,1,1,500,,2539,6023,969
008e4092-7372-4278-bf99-242b8978e176,Mar 19,6yzxgjs,Plan B (A1B),8f0c4c8e2fa77438779a44d92badee47,2018-02-26 14:52:20.725348,1,1,500,,2569,6023,969
d700f46b-57ea-4829-89a1-2e35f6e231a0,Mar 26,sr09b74,Plan F (B2B),8f0c4c8e2fa77438779a44d92badee47,2018-02-26 14:52:20.727442,2,2,1000,,3409,7759,1345
3b8c5043-86bd-4b84-a1fb-baad58b8e9d8,Mar 26,hk0hl20,Plan F (B2B),8f0c4c8e2fa77438779a44d92badee47,2018-02-26 14:52:20.729425,2,2,1000,,3649,7759,1345
34ae2b8f-e292-4bb1-8273-26fa71b340cf,Apr 2,nfs5dkp,Plan A (A1A),8f0c4c8e2fa77438779a44d92badee47,2018-02-26 14:52:20.731418,1,1,500,,2439,5760,940
ef5255f5-a31a-47eb-8f5d-c95c28b5bd03,Apr 2,n9ndgwn,Plan A (A1A),8f0c4c8e2fa77438779a44d92badee47,2018-02-26 14:52:20.733509,1,1,500,,2439,5720,940
311c7213-470e-49ce-91a7-de8d33e65b06,Apr 2,k04fl3b,Plan B (A1B),8f0c4c8e2fa77438779a44d92badee47,2018-02-26 14:52:20.735519,1,1,500,,2539,5931,969
fdbebefc-643f-45a2-87cf-68587a3db44d,Apr 8,eftxdrp,Plan E (B2A),8f0c4c8e2fa77438779a44d92badee47,2018-02-26 14:52:20.738682,2,2,1000,,4749,9936,1316
de69e303-c5e4-4d34-8468-9757b635f1ce,Apr 8,tnt38ec,Plan E (B2A),8f0c4c8e2fa77438779a44d92badee47,2018-02-26 14:52:20.741588,2,2,1000,,4749,9936,1316
7bb7c6eb-c000-43ea-b6f7-eda47ec9c07a,Apr 9,0edjkc0,Plan A (A1A),8f0c4c8e2fa77438779a44d92badee47,2018-02-26 14:52:20.744439,1,1,500,,2459,5760,940
0271aadb-6121-432f-9a71-bc687dfce531,Apr 9,w17p3tk,Plan LW3 (B1.5C),8f0c4c8e2fa77438779a44d92badee47,2018-02-26 14:52:20.747636,1.5,2,1500,,4499,7380,1570
cf600acb-f64c-439d-a6d8-8338ed364f49,Apr 9,mhbv7lk,Plan LW3 (B1.5C),8f0c4c8e2fa77438779a44d92badee47,2018-02-26 14:52:20.750167,1.5,2,1500,,4499,7380,1570
aa74859d-98da-4c75-a0ee-66ef34d0660e,Apr 9,vprcwpf,Plan G (B2C),8f0c4c8e2fa77438779a44d92badee47,2018-02-26 14:52:20.752450,2,2,1000,,4878,7995,1569
2376bb27-b576-4086-b2e2-d579d0ee6f1c,Apr 9,rm34b72,Plan G (B2C),8f0c4c8e2fa77438779a44d92badee47,2018-02-26 14:52:20.754505,2,2,1000,,4878,7995,1569
6e577e71-15e0-41a9-b98d-a4129b5cf6db,Apr 16,g3fzs1x,Plan C (A1C),8f0c4c8e2fa77438779a44d92badee47,2018-02-26 14:52:20.756496,1,1,500,,2639,6438,994
633df88d-e501-40de-8ba0-691c43920acd,Apr 16,wytn83j,Plan C (A1C),8f0c4c8e2fa77438779a44d92badee47,2018-02-26 14:52:20.758791,1,1,500,,2699,6328,994
b016d151-bd84-4a64-86e0-0220758f985d,Apr 16,np0z0fm,Plan F (B2B),8f0c4c8e2fa77438779a44d92badee47,2018-02-26 14:52:20.760825,2,2,1000,,3639,5988,1345
dbea6f6b-f7f1-49f0-b48b-50e249b95918,Apr 17,bzty2gc,Plan C (A1C),8f0c4c8e2fa77438779a44d92badee47,2018-02-26 14:52:20.762808,1,1,500,,2709,6353,994
c0db20f1-b4bd-4a26-a42d-869cd53caec6,Apr 20,2z645lb,Plan C (A1C),8f0c4c8e2fa77438779a44d92badee47,2018-02-26 14:52:20.764959,1,1,500,,2749,6438,994
4702c50e-2118-4e8a-84ea-36b233e2ea21,Apr 30,zlyhvfw,Plan C (A1C),8f0c4c8e2fa77438779a44d92badee47,2018-02-26 14:52:20.766980,1,1,500,,2639,6200,994
ea92a484-e69f-4c2a-800c-2692e93656cd,Apr 30,2r08kbb,Plan D (A1D),8f0c4c8e2fa77438779a44d92badee47,2018-02-26 14:52:20.768962,1,1,500,,3649,8368,1022
806902a5-90c3-44c0-9a65-99c89fa1f3e3,Apr 30,myvx85j,Plan D (A1D),8f0c4c8e2fa77438779a44d92badee47,2018-02-26 14:52:20.771287,1,1,500,,3649,8368,1022
553c2600-4caa-4590-acb1-a674a32b742a,Apr 30,17e84g6,Plan F (B2B),8f0c4c8e2fa77438779a44d92badee47,2018-02-26 14:52:20.773329,2,2,1000,,3409,5975,1345
73ddd0bb-99f2-41a4-bd2f-7865479d59cb,Jun 18,vqwpqhf,Plan D (A1D),8f0c4c8e2fa77438779a44d92badee47,2018-02-26 14:52:20.775357,1,1,500,,3879,5908,1022
bdb5ab22-c0b5-455b-9373-79f8e4b393e1,Not Available,jt918j5,Plan LW1 (B1.5A),8f0c4c8e2fa77438779a44d92badee47,2018-02-26 14:52:20.777346,1.5,2,1500,,,,1525
9fdfc3dd-fa61-47b7-8bb8-de6bd2b5a9ff,Not Available,6b8dhsv,Plan LW2 (B1.5B),8f0c4c8e2fa77438779a44d92badee47,2018-02-26 14:52:20.779324,1.5,2,1500,,,,1558
5deb19a6-903c-4841-8010-948c943a8219,Not Available,ybcmhlv,Plan J (B2AD),8f0c4c8e2fa77438779a44d92badee47,2018-02-26 14:52:20.781614,2,2,1000,,,,2174
6f72ec62-8f00-4a5d-9bb1-3819ae1a5ec6,Not Available,9zyse36,Plan H (B2D),8f0c4c8e2fa77438779a44d92badee47,2018-02-26 14:52:20.783715,2,2,1000,,,,1723
dd25acac-b2db-46eb-9123-f7c27ab16cad,Not Available,jzx1e96,Plan PH2 (P-B2.5C),8f0c4c8e2fa77438779a44d92badee47,2018-02-26 14:52:20.785777,2.5,2,5000,,,,2527
63f2cab8-3a7e-49f6-84bc-947b8cf934de,Not Available,3lgls4e,Plan PH3 (P-B2.5DD),8f0c4c8e2fa77438779a44d92badee47,2018-02-26 14:52:20.787755,2.5,2,5000,,,,2957
b18868b5-fd8b-4203-8965-c82d5975fdf5,Not Available,d2960yl,Plan PH1 (P-B2.5B),8f0c4c8e2fa77438779a44d92badee47,2018-02-26 14:52:20.789745,2.5,2,5000,,,,3045
9cf445a2-d228-4426-bcf4-7074cc090a74,Not Available,y97mlvt,Plan PH5 (P-C3.5BD),8f0c4c8e2fa77438779a44d92badee47,2018-02-26 14:52:20.791714,3.5,3,5000,,,,3108
c3dcc16a-5564-4aad-948d-daa2554fa334,Not Available,nb958kn,Plan PH4 (P-C3.5A),8f0c4c8e2fa77438779a44d92badee47,2018-02-26 14:52:20.793935,3.5,3,5000,,,,3218
8ab3ed82-37a0-4a86-bf46-32809f8a0a2e,Mar 19,m2by0ml,Plan B (A1B),8f0c4c8e2fa77438779a44d92badee47,2018-02-26 14:52:20.795966,1,1,500,,2539,6023,969
e02579b8-cb0e-4db4-8136-f71c46a85347,Mar 19,6yzxgjs,Plan B (A1B),8f0c4c8e2fa77438779a44d92badee47,2018-02-26 14:52:20.797949,1,1,500,,2569,6023,969
14bb0b32-b843-4d9d-89fe-82b573ad450a,Apr 2,nfs5dkp,Plan A (A1A),8f0c4c8e2fa77438779a44d92badee47,2018-02-26 14:52:20.799933,1,1,500,,2439,5760,940
c9f8f030-75a7-4f58-a651-acc5a438bccc,Apr 2,n9ndgwn,Plan A (A1A),8f0c4c8e2fa77438779a44d92badee47,2018-02-26 14:52:20.801923,1,1,500,,2439,5720,940
66b34394-d5b8-450e-8cc2-db4db16da3da,Apr 2,k04fl3b,Plan B (A1B),8f0c4c8e2fa77438779a44d92badee47,2018-02-26 14:52:20.804279,1,1,500,,2539,5931,969
809bc09b-7c33-45e6-8432-c92092107dfd,Apr 9,0edjkc0,Plan A (A1A),8f0c4c8e2fa77438779a44d92badee47,2018-02-26 14:52:20.806627,1,1,500,,2459,5760,940
1e20602a-f357-4a0a-be15-ac51d744183a,Apr 16,g3fzs1x,Plan C (A1C),8f0c4c8e2fa77438779a44d92badee47,2018-02-26 14:52:20.808639,1,1,500,,2639,6438,994
8a3d2dab-fa51-430b-9b0b-a2290731b0b0,Apr 16,wytn83j,Plan C (A1C),8f0c4c8e2fa77438779a44d92badee47,2018-02-26 14:52:20.810623,1,1,500,,2699,6328,994
212d4306-0dd6-468c-a428-ff114f8869e3,Apr 17,bzty2gc,Plan C (A1C),8f0c4c8e2fa77438779a44d92badee47,2018-02-26 14:52:20.812618,1,1,500,,2709,6353,994
e1f88eb1-ff37-4b3e-9e45-c208ca30f7ad,Apr 20,2z645lb,Plan C (A1C),8f0c4c8e2fa77438779a44d92badee47,2018-02-26 14:52:20.814613,1,1,500,,2749,6438,994
4c061b5f-a994-412e-b69a-024520a3cb46,Apr 30,zlyhvfw,Plan C (A1C),8f0c4c8e2fa77438779a44d92badee47,2018-02-26 14:52:20.816609,1,1,500,,2639,6200,994
c27e3ecb-716d-4d29-8a47-0e464e28d385,Apr 30,2r08kbb,Plan D (A1D),8f0c4c8e2fa77438779a44d92badee47,2018-02-26 14:52:20.818628,1,1,500,,3649,8368,1022
492333d0-6647-47a1-99ce-a376fae5ba62,Apr 30,myvx85j,Plan D (A1D),8f0c4c8e2fa77438779a44d92badee47,2018-02-26 14:52:20.820621,1,1,500,,3649,8368,1022
991d97b1-f88e-408e-beb1-b5a1a973506d,Jun 18,vqwpqhf,Plan D (A1D),8f0c4c8e2fa77438779a44d92badee47,2018-02-26 14:52:20.822611,1,1,500,,3879,5908,1022
ae6aa6f2-da60-4b5b-b282-e2b0ca5f37de,Available Now,1r3jbe4,Plan I (B2.5A),8f0c4c8e2fa77438779a44d92badee47,2018-02-26 14:52:20.824585,2.5,2,1000,,5149,10726,1679
4a44489e-0dc9-4013-9c41-1bccd7de61f7,Available Now,xhy84eq,Plan I (B2.5A),8f0c4c8e2fa77438779a44d92badee47,2018-02-26 14:52:20.826674,2.5,2,1000,,5149,10726,1679
09381958-0a98-4af2-9ceb-c93ac5124d79,Mar 26,sr09b74,Plan F (B2B),8f0c4c8e2fa77438779a44d92badee47,2018-02-26 14:52:20.828671,2,2,1000,,3409,7759,1345
cc7fdb62-9eb7-4461-999c-b8b01e161a39,Mar 26,hk0hl20,Plan F (B2B),8f0c4c8e2fa77438779a44d92badee47,2018-02-26 14:52:20.830663,2,2,1000,,3649,7759,1345
27ddaf9f-fba8-4922-85e5-d74ef66f55f7,Apr 8,eftxdrp,Plan E (B2A),8f0c4c8e2fa77438779a44d92badee47,2018-02-26 14:52:20.832662,2,2,1000,,4749,9936,1316
349628a1-10a9-4b4f-a149-f043d65b11ef,Apr 8,tnt38ec,Plan E (B2A),8f0c4c8e2fa77438779a44d92badee47,2018-02-26 14:52:20.834653,2,2,1000,,4749,9936,1316
fe97a3ff-0d47-487b-95c4-56466b031d75,Apr 9,w17p3tk,Plan LW3 (B1.5C),8f0c4c8e2fa77438779a44d92badee47,2018-02-26 14:52:20.836760,1.5,2,1500,,4499,7380,1570
319aba93-6c33-4d9f-bf16-1dcc45b4687b,Apr 9,mhbv7lk,Plan LW3 (B1.5C),8f0c4c8e2fa77438779a44d92badee47,2018-02-26 14:52:20.838769,1.5,2,1500,,4499,7380,1570
92fdd0c7-9139-43f4-b225-e3b4537ab4f1,Apr 9,vprcwpf,Plan G (B2C),8f0c4c8e2fa77438779a44d92badee47,2018-02-26 14:52:20.840770,2,2,1000,,4878,7995,1569
a97de07b-84ea-4b8c-9838-98a432ab83c1,Apr 9,rm34b72,Plan G (B2C),8f0c4c8e2fa77438779a44d92badee47,2018-02-26 14:52:20.842755,2,2,1000,,4878,7995,1569
551887a5-1221-4f61-ae48-13b0053a66db,Apr 16,np0z0fm,Plan F (B2B),8f0c4c8e2fa77438779a44d92badee47,2018-02-26 14:52:20.845150,2,2,1000,,3639,5988,1345
fcaeaaa6-d6ec-404c-9e60-0e410c1f3b9c,Apr 30,17e84g6,Plan F (B2B),8f0c4c8e2fa77438779a44d92badee47,2018-02-26 14:52:20.847346,2,2,1000,,3409,5975,1345
9aa2385e-5d4c-4421-91d5-13db1e414d3a,Not Available,jt918j5,Plan LW1 (B1.5A),8f0c4c8e2fa77438779a44d92badee47,2018-02-26 14:52:20.849409,1.5,2,1500,,,,1525
21758612-b85e-40eb-a7f5-9d8ca4d44318,Not Available,6b8dhsv,Plan LW2 (B1.5B),8f0c4c8e2fa77438779a44d92badee47,2018-02-26 14:52:20.851477,1.5,2,1500,,,,1558
afa96194-b8dd-4577-a48a-7d9660cb2728,Not Available,ybcmhlv,Plan J (B2AD),8f0c4c8e2fa77438779a44d92badee47,2018-02-26 14:52:20.853502,2,2,1000,,,,2174
6b007e4a-3eff-495b-ba17-e1ea4607dcbb,Not Available,9zyse36,Plan H (B2D),8f0c4c8e2fa77438779a44d92badee47,2018-02-26 14:52:20.855527,2,2,1000,,,,1723
c9a8bd08-01b1-4c5b-83ba-ae3ffc370895,Not Available,jzx1e96,Plan PH2 (P-B2.5C),8f0c4c8e2fa77438779a44d92badee47,2018-02-26 14:52:20.857560,2.5,2,5000,,,,2527
a1fa8f54-e681-49d8-bb77-5433d3afe4b1,Not Available,3lgls4e,Plan PH3 (P-B2.5DD),8f0c4c8e2fa77438779a44d92badee47,2018-02-26 14:52:20.859566,2.5,2,5000,,,,2957
00897e25-d39b-4baf-8b98-4f57ac20aa43,Not Available,d2960yl,Plan PH1 (P-B2.5B),8f0c4c8e2fa77438779a44d92badee47,2018-02-26 14:52:20.861602,2.5,2,5000,,,,3045
892c5747-9baa-4fc9-979a-8f0de7e44879,Not Available,y97mlvt,Plan PH5 (P-C3.5BD),8f0c4c8e2fa77438779a44d92badee47,2018-02-26 14:52:20.863651,3.5,3,5000,,,,3108
8e3e0e7d-dc6b-4273-bb4f-1f469858385d,Not Available,nb958kn,Plan PH4 (P-C3.5A),8f0c4c8e2fa77438779a44d92badee47,2018-02-26 14:52:20.865741,3.5,3,5000,,,,3218
efe3c927-2daa-43e9-82de-969c6021ae40,Available Now,wjk5mbk,A1,a023de5ab431bdf9b3031c356cce126d,2018-02-26 14:52:21.497286,1,1,0,,1715,2350,672
7ccde33c-b19c-4fb2-930c-c4cc4f15265c,Available Now,h1l9mg2,A3,a023de5ab431bdf9b3031c356cce126d,2018-02-26 14:52:21.500119,1,1,0,,1800,2240,819
304d19b5-4b3e-4bb5-83cf-23f9d4b4ff2e,Available Now,gpgdc9y,A4,a023de5ab431bdf9b3031c356cce126d,2018-02-26 14:52:21.503551,1,1,0,,1900,2340,872
375be6b0-0984-4c50-a37b-6d73f1c6b778,Available Now,29r65z9,A5,a023de5ab431bdf9b3031c356cce126d,2018-02-26 14:52:21.505905,1,1,0,,2000,2440,872
551a66ea-3c1e-4a85-8a2c-30429890db1c,Available Now,7n2487z,B3,a023de5ab431bdf9b3031c356cce126d,2018-02-26 14:52:21.507914,2.5,2,0,,2095,3225,1298
20eafe30-1760-4df5-884d-24e7c92b5205,Available Now,whzrmgj,B4,a023de5ab431bdf9b3031c356cce126d,2018-02-26 14:52:21.509895,2,2,0,,2110,3140,1300
913e186e-cf27-4183-a00f-9700f2427b6a,Not Available,yvt76vv,A2,a023de5ab431bdf9b3031c356cce126d,2018-02-26 14:52:21.512262,1,1,0,,,,672
68b0b2eb-6816-4c69-8260-7df8c83a1137,Not Available,l78hbrf,A7,a023de5ab431bdf9b3031c356cce126d,2018-02-26 14:52:21.514343,1.5,1,0,,,,924
764ad7c0-3a7f-4548-b7ff-9e04e487ac9e,Not Available,06eslc0,A6,a023de5ab431bdf9b3031c356cce126d,2018-02-26 14:52:21.516328,1.5,1,0,,,,1002
2b54df2f-efb8-4f07-8e98-6254b6eba80c,Not Available,7z51h6x,A10,a023de5ab431bdf9b3031c356cce126d,2018-02-26 14:52:21.518323,1.5,1,0,,,,1034
c708bb4f-afb6-4af0-aad4-27c8eb01d893,Not Available,ex3fr0q,B1,a023de5ab431bdf9b3031c356cce126d,2018-02-26 14:52:21.520312,2,2,0,,,,1148
a72c51dd-ed6d-4ff4-9c65-a25f9eb9cf56,Not Available,l44h9hg,B5,a023de5ab431bdf9b3031c356cce126d,2018-02-26 14:52:21.522294,2.5,2,0,,,,1587
72a334f3-369e-453f-abdd-a4f25a3fcc94,Available Now,wjk5mbk,A1,a023de5ab431bdf9b3031c356cce126d,2018-02-26 14:52:21.524626,1,1,0,,1715,2350,672
726ec205-2a66-4210-bcde-f6b67a3e4c29,Available Now,h1l9mg2,A3,a023de5ab431bdf9b3031c356cce126d,2018-02-26 14:52:21.526651,1,1,0,,1800,2240,819
0453d9fc-0fe3-4b17-adde-7d1b2f149dc5,Available Now,gpgdc9y,A4,a023de5ab431bdf9b3031c356cce126d,2018-02-26 14:52:21.528633,1,1,0,,1900,2340,872
934d96df-bd8e-4306-9ca0-ebaf2c941e7e,Available Now,29r65z9,A5,a023de5ab431bdf9b3031c356cce126d,2018-02-26 14:52:21.530645,1,1,0,,2000,2440,872
d8e23450-f0f0-4592-a0cc-48b6920c6a2a,Not Available,yvt76vv,A2,a023de5ab431bdf9b3031c356cce126d,2018-02-26 14:52:21.532632,1,1,0,,,,672
20182e2d-63d8-4e8e-9fc5-afdbb277eca8,Not Available,l78hbrf,A7,a023de5ab431bdf9b3031c356cce126d,2018-02-26 14:52:21.534655,1.5,1,0,,,,924
90335293-bcef-46dc-b3b2-a4d147d6e526,Not Available,06eslc0,A6,a023de5ab431bdf9b3031c356cce126d,2018-02-26 14:52:21.537034,1.5,1,0,,,,1002
47f350da-1805-45c9-b82e-423fe3a71e57,Not Available,7z51h6x,A10,a023de5ab431bdf9b3031c356cce126d,2018-02-26 14:52:21.539051,1.5,1,0,,,,1034
a57d9fef-a15a-447c-836b-6b918c116c5d,Available Now,7n2487z,B3,a023de5ab431bdf9b3031c356cce126d,2018-02-26 14:52:21.541031,2.5,2,0,,2095,3225,1298
40326a5a-b27b-4040-b205-8577486949ea,Available Now,whzrmgj,B4,a023de5ab431bdf9b3031c356cce126d,2018-02-26 14:52:21.543007,2,2,0,,2110,3140,1300
e122967e-5215-458d-a424-a968563f27cc,Not Available,ex3fr0q,B1,a023de5ab431bdf9b3031c356cce126d,2018-02-26 14:52:21.544986,2,2,0,,,,1148
9c3c52ec-edea-473b-80b1-f7b3289707ee,Not Available,l44h9hg,B5,a023de5ab431bdf9b3031c356cce126d,2018-02-26 14:52:21.548378,2.5,2,0,,,,1587
8831e339-51c4-4a1d-9f9f-0e1538dcd831,Available Now,65321xs,11F1,f83d12f86a573d0ceab62c39d75cef0a,2018-02-26 14:52:22.333809,1,1,300,,1690,2655,593
b0535182-62ad-4198-87ff-bed37294e973,Available Now,f3tb7cv,22F2,f83d12f86a573d0ceab62c39d75cef0a,2018-02-26 14:52:22.335923,2,2,400,,2765,3570,1079
601cae32-52b2-4168-93bd-fbc8d2a01b87,Available Now,qct9g7x,22F1,f83d12f86a573d0ceab62c39d75cef0a,2018-02-26 14:52:22.337966,2,2,400,,2775,4170,1029
a389c1f0-bc55-48c8-8d19-d402e8dedc60,Available Now,cvsngfe,33F1,f83d12f86a573d0ceab62c39d75cef0a,2018-02-26 14:52:22.340003,3,3,500,,3185,4465,1346
ba22f805-3719-4a62-8262-d1064ee1d61f,Mar 8,lw6e8dg,01F1,f83d12f86a573d0ceab62c39d75cef0a,2018-02-26 14:52:22.342038,1,0,300,,1515,2060,544
dbeb8ec5-321d-4dda-8e58-18e7f1fb848e,Mar 19,jltgz55,11F6,f83d12f86a573d0ceab62c39d75cef0a,2018-02-26 14:52:22.344103,1,1,300,,2020,2670,729
029c1c16-d110-431f-8096-f25100929497,Mar 22,sqc7v36,01F2,f83d12f86a573d0ceab62c39d75cef0a,2018-02-26 14:52:22.346514,1,0,300,,1815,2275,585
e6f0ca71-1337-4f0b-a517-c36ff9107d64,Mar 26,544vr2q,01F4,f83d12f86a573d0ceab62c39d75cef0a,2018-02-26 14:52:22.348615,1,0,300,,1565,2020,672
9bf83555-c901-4ef2-b6d7-2be6bec872c5,Apr 2,0sl4nz2,01F3,f83d12f86a573d0ceab62c39d75cef0a,2018-02-26 14:52:22.350847,1,0,300,,1755,2690,618
55e8540a-b41f-48f7-a3e5-320043494296,Apr 6,vrq5dbd,11F4,f83d12f86a573d0ceab62c39d75cef0a,2018-02-26 14:52:22.353290,1,1,300,,2140,2880,691
2c85bb38-7a14-476b-ae54-17da5a1d183a,Apr 8,2lv67fc,11F3,f83d12f86a573d0ceab62c39d75cef0a,2018-02-26 14:52:22.358043,1,1,300,,2255,2785,679
e5743cc8-ab2c-4d1b-a15d-b9d75862bcf7,Not Available,0w74h71,11F8,f83d12f86a573d0ceab62c39d75cef0a,2018-02-26 14:52:22.360152,1,1,300,,,,948
4d896803-fbe7-4fe1-9d48-b100d42f789d,Not Available,y0mt4gt,11F2,f83d12f86a573d0ceab62c39d75cef0a,2018-02-26 14:52:22.362244,1,1,300,,,,655
c52ef230-315e-4cc5-9ff0-8408f39fa945,Not Available,1n0zss7,11F5,f83d12f86a573d0ceab62c39d75cef0a,2018-02-26 14:52:22.364402,1,1,300,,,,724
922ca524-f0a6-451b-8f02-132f663b885c,Not Available,9n1qsz7,11F7,f83d12f86a573d0ceab62c39d75cef0a,2018-02-26 14:52:22.366497,1,1,300,,,,760
6b898507-4d19-4fe3-a1b9-1651654b048b,Mar 8,lw6e8dg,01F1,f83d12f86a573d0ceab62c39d75cef0a,2018-02-26 14:52:22.371099,1,0,300,,1515,2060,544
057b3592-f052-498a-8fdd-cdc636200eda,Mar 22,sqc7v36,01F2,f83d12f86a573d0ceab62c39d75cef0a,2018-02-26 14:52:22.373300,1,0,300,,1815,2275,585
1af355b1-37bb-4070-b71c-a14ab4fe6430,Mar 26,544vr2q,01F4,f83d12f86a573d0ceab62c39d75cef0a,2018-02-26 14:52:22.375358,1,0,300,,1565,2020,672
d3b8cb4e-7f15-4d32-98f8-f86f1d31170f,Apr 2,0sl4nz2,01F3,f83d12f86a573d0ceab62c39d75cef0a,2018-02-26 14:52:22.377394,1,0,300,,1755,2690,618
5735af0d-6d0e-4998-b554-fca3fde0e15b,Available Now,65321xs,11F1,f83d12f86a573d0ceab62c39d75cef0a,2018-02-26 14:52:22.379788,1,1,300,,1690,2655,593
82f136ef-e484-40aa-b4c4-a1839bc12c8f,Mar 19,jltgz55,11F6,f83d12f86a573d0ceab62c39d75cef0a,2018-02-26 14:52:22.383694,1,1,300,,2020,2670,729
770e1604-f52d-4cb0-8dc5-4c8bac0d3ab0,Apr 6,vrq5dbd,11F4,f83d12f86a573d0ceab62c39d75cef0a,2018-02-26 14:52:22.385867,1,1,300,,2140,2880,691
5a2b371d-9051-45ef-a7c8-dd03ea13982f,Apr 8,2lv67fc,11F3,f83d12f86a573d0ceab62c39d75cef0a,2018-02-26 14:52:22.388004,1,1,300,,2255,2785,679
1a8fc1e3-ca9c-4f0e-bd6e-04121bfcf627,Not Available,0w74h71,11F8,f83d12f86a573d0ceab62c39d75cef0a,2018-02-26 14:52:22.390211,1,1,300,,,,948
6e729b87-8425-4653-aa6c-6358b5407622,Not Available,y0mt4gt,11F2,f83d12f86a573d0ceab62c39d75cef0a,2018-02-26 14:52:22.392221,1,1,300,,,,655
2b66d034-6813-4541-bb81-0bdf8e696996,Not Available,1n0zss7,11F5,f83d12f86a573d0ceab62c39d75cef0a,2018-02-26 14:52:22.394242,1,1,300,,,,724
9eded699-2964-465e-94c2-bbb3e73e4884,Not Available,9n1qsz7,11F7,f83d12f86a573d0ceab62c39d75cef0a,2018-02-26 14:52:22.396226,1,1,300,,,,760
5a7eb986-9e6e-4ef4-96b7-25a7eb6cc8dc,Available Now,f3tb7cv,22F2,f83d12f86a573d0ceab62c39d75cef0a,2018-02-26 14:52:22.398211,2,2,400,,2765,3570,1079
d51b9ccb-252d-4ff8-b0c0-4b5c41710762,Available Now,qct9g7x,22F1,f83d12f86a573d0ceab62c39d75cef0a,2018-02-26 14:52:22.400205,2,2,400,,2775,4170,1029
fa9a7c58-8bdd-439f-88a7-860bdacf0d99,Available Now,cvsngfe,33F1,f83d12f86a573d0ceab62c39d75cef0a,2018-02-26 14:52:22.402912,3,3,500,,3185,4465,1346
2f5643dc-f956-4920-8d97-e571c400acc4,Available Now,6yceb2t,S1,3c02ab67bce43fe4bd3889ade4334d64,2018-02-26 14:52:23.280949,1,1,250,1765,,,522
7943590c-e50d-4ec9-9866-698c2565e970,Available Now,91jwgn4,A3,3c02ab67bce43fe4bd3889ade4334d64,2018-02-26 14:52:23.283121,1,1,250,2259,,,799
eb438ac7-054d-4817-825b-0bfb026b04cb,Available Now,2k5evyb,A3.4,3c02ab67bce43fe4bd3889ade4334d64,2018-02-26 14:52:23.285126,1,1,250,2289,,,811
988e63f5-78c4-4c9f-9561-18a8f40628b7,Available Now,4w7c2fj,A2,3c02ab67bce43fe4bd3889ade4334d64,2018-02-26 14:52:23.287928,1,1,250,,2360,2375,767
0f957db0-2c0c-4cfa-9292-d5786f60674b,Available Now,gw5ttgz,A7,3c02ab67bce43fe4bd3889ade4334d64,2018-02-26 14:52:23.290661,1,1,250,2895,,,1019
f98dcfe4-d52b-425a-992b-8552a79bd5cb,Available Now,ztzbwlx,A3.2,3c02ab67bce43fe4bd3889ade4334d64,2018-02-26 14:52:23.292863,1,1,250,,,,813
453830d4-7055-4b2c-b7a2-82e0a1e11414,Available Now,dvt350l,A5,3c02ab67bce43fe4bd3889ade4334d64,2018-02-26 14:52:23.294999,1,1,250,,,,957
0407254b-172a-4f26-b69a-92a182b0a4ae,Available Now,tjbnrwc,A5.1,3c02ab67bce43fe4bd3889ade4334d64,2018-02-26 14:52:23.297036,1,1,250,,,,926
870f28e6-ac1c-4cc3-a77e-c515f82e3e46,Available Now,gsjtzqw,B5,3c02ab67bce43fe4bd3889ade4334d64,2018-02-26 14:52:23.299672,2,2,350,3035,,,1275
8a6f58e1-f8c9-46cc-8285-04839b46ecf3,Available Now,8ff70v0,B2,3c02ab67bce43fe4bd3889ade4334d64,2018-02-26 14:52:23.302600,2,2,350,,3480,3535,1334
f7d3073f-8e38-4bc5-8734-d2f9b4cc97ca,Not Available,f0d1scv,A3.1,3c02ab67bce43fe4bd3889ade4334d64,2018-02-26 14:52:23.304713,1,1,250,,1919,1974,792
af043d81-c7fc-4d73-82bc-e5dcdf3d8498,Not Available,j6f48q6,A6,3c02ab67bce43fe4bd3889ade4334d64,2018-02-26 14:52:23.306790,1,1,250,,2620,2630,990
d70a1589-fb89-42b3-b39d-521cc78491e3,Not Available,nyb4k9m,A1,3c02ab67bce43fe4bd3889ade4334d64,2018-02-26 14:52:23.310816,1,1,250,,,,702
edda0cf5-cc83-43e0-ba20-7e106f5400bf,Not Available,6kz9mzv,A4,3c02ab67bce43fe4bd3889ade4334d64,2018-02-26 14:52:23.313263,1,1,250,,,,843
30a2e29e-30cd-4709-a2d5-651846086fcb,Not Available,yq8jjer,A8,3c02ab67bce43fe4bd3889ade4334d64,2018-02-26 14:52:23.315573,1,1,250,,,,981
53f20e41-fdd3-420b-9049-b2d0e35af9a1,Not Available,ww4l24j,A10,3c02ab67bce43fe4bd3889ade4334d64,2018-02-26 14:52:23.317590,1,1,250,,,,1020
c09954e0-2315-4985-98f9-aae12bd6abc9,Not Available,fpf1hsr,A9,3c02ab67bce43fe4bd3889ade4334d64,2018-02-26 14:52:23.319625,1,1,250,,,,1051
5d38bc24-f510-410b-844c-cda0c017cff5,Not Available,5lrhe0n,A11,3c02ab67bce43fe4bd3889ade4334d64,2018-02-26 14:52:23.321764,1,1,250,,,,945
49f75949-ef21-482e-b76b-734a1f9abfb1,Not Available,snsd4v6,A3.3,3c02ab67bce43fe4bd3889ade4334d64,2018-02-26 14:52:23.324895,1,1,250,,,,829
718a0db3-00de-41a2-9c73-782034dc4146,Not Available,1ppm7s7,A7.1,3c02ab67bce43fe4bd3889ade4334d64,2018-02-26 14:52:23.327047,1,1,250,,,,1022
ecb08927-27b7-44b2-9ce5-a275a7c3a636,Not Available,bqh5y09,A7.2,3c02ab67bce43fe4bd3889ade4334d64,2018-02-26 14:52:23.329082,1,1,250,,,,1047
f38fbee4-6084-4724-9d2d-ea6ac5640043,Not Available,3e0pvkg,B3,3c02ab67bce43fe4bd3889ade4334d64,2018-02-26 14:52:23.331701,2,2,350,,2765,2985,1260
b2d78e99-7114-4c31-aa5f-6b52ca2048e5,Not Available,c8nyydd,B6,3c02ab67bce43fe4bd3889ade4334d64,2018-02-26 14:52:23.333793,2,2,350,,3245,3335,1299
7f324569-1e1a-4d79-812f-fec9572132af,Not Available,tc25deb,B4.1,3c02ab67bce43fe4bd3889ade4334d64,2018-02-26 14:52:23.336764,2,2,350,3270,,,1292
6eaca989-2528-4655-a367-34bb7561acc4,Not Available,ehnrffm,B4,3c02ab67bce43fe4bd3889ade4334d64,2018-02-26 14:52:23.342627,2,2,350,,3490,3570,1292
38af018d-707f-4339-bdfb-465972167d9e,Not Available,4vvc56l,B1,3c02ab67bce43fe4bd3889ade4334d64,2018-02-26 14:52:23.344702,2,2,350,,,,1247
88c0ab45-38d3-4b2f-bc85-3981728f8fa7,Not Available,t78njf8,B7,3c02ab67bce43fe4bd3889ade4334d64,2018-02-26 14:52:23.347057,2,2,350,,,,1392
2ba31231-34e0-47d4-b743-52b44d36524d,Not Available,mfqvghj,B2.1,3c02ab67bce43fe4bd3889ade4334d64,2018-02-26 14:52:23.349119,2,2,350,,,,1262
f472d366-8ac9-40d2-b696-c871ca08f735,Available Now,6yceb2t,S1,3c02ab67bce43fe4bd3889ade4334d64,2018-02-26 14:52:23.351130,1,1,250,1765,,,522
9e624769-9a0b-43f0-8717-67f693c57496,Available Now,91jwgn4,A3,3c02ab67bce43fe4bd3889ade4334d64,2018-02-26 14:52:23.353155,1,1,250,2259,,,799
665ad138-58dc-45f7-946e-7eb0350eda2a,Available Now,2k5evyb,A3.4,3c02ab67bce43fe4bd3889ade4334d64,2018-02-26 14:52:23.355310,1,1,250,2289,,,811
b5901f4e-2dea-4ad6-9b1d-14f002c40b1e,Available Now,4w7c2fj,A2,3c02ab67bce43fe4bd3889ade4334d64,2018-02-26 14:52:23.357898,1,1,250,,2360,2375,767
f2bc2140-7605-4f11-8af0-4a54cd03f0ad,Available Now,gw5ttgz,A7,3c02ab67bce43fe4bd3889ade4334d64,2018-02-26 14:52:23.359983,1,1,250,2895,,,1019
5cc5c1f9-2007-4a4e-a4b0-618011ba39cc,Available Now,ztzbwlx,A3.2,3c02ab67bce43fe4bd3889ade4334d64,2018-02-26 14:52:23.361977,1,1,250,,,,813
759b3337-384a-4dda-b123-74fbedeccba8,Available Now,dvt350l,A5,3c02ab67bce43fe4bd3889ade4334d64,2018-02-26 14:52:23.363981,1,1,250,,,,957
31bc7097-1641-4210-b70b-1e97a97544de,Available Now,tjbnrwc,A5.1,3c02ab67bce43fe4bd3889ade4334d64,2018-02-26 14:52:23.365984,1,1,250,,,,926
f6a7843e-75ac-47ae-b8ed-2e0e1eda326e,Not Available,f0d1scv,A3.1,3c02ab67bce43fe4bd3889ade4334d64,2018-02-26 14:52:23.368312,1,1,250,,1919,1974,792
45b24c7a-3bf0-4461-8786-69f050361ea3,Not Available,j6f48q6,A6,3c02ab67bce43fe4bd3889ade4334d64,2018-02-26 14:52:23.370458,1,1,250,,2620,2630,990
c342bd0c-a774-406f-a646-fb23f616e245,Not Available,nyb4k9m,A1,3c02ab67bce43fe4bd3889ade4334d64,2018-02-26 14:52:23.372505,1,1,250,,,,702
28bc6642-aa15-4def-bc71-d3d5e0b48576,Not Available,6kz9mzv,A4,3c02ab67bce43fe4bd3889ade4334d64,2018-02-26 14:52:23.374502,1,1,250,,,,843
6225739c-0fa1-4bcc-969d-b452a92af200,Not Available,yq8jjer,A8,3c02ab67bce43fe4bd3889ade4334d64,2018-02-26 14:52:23.376493,1,1,250,,,,981
90a22149-e5e7-4384-9f21-927b08baabd8,Not Available,ww4l24j,A10,3c02ab67bce43fe4bd3889ade4334d64,2018-02-26 14:52:23.378494,1,1,250,,,,1020
fd1ad42e-1e19-4c28-bb51-1b8865dab14e,Not Available,fpf1hsr,A9,3c02ab67bce43fe4bd3889ade4334d64,2018-02-26 14:52:23.380857,1,1,250,,,,1051
408f4372-d2b1-49ef-9aca-936f17a5ce2d,Not Available,5lrhe0n,A11,3c02ab67bce43fe4bd3889ade4334d64,2018-02-26 14:52:23.382912,1,1,250,,,,945
522995b1-baa7-4961-9b84-72e173135475,Not Available,snsd4v6,A3.3,3c02ab67bce43fe4bd3889ade4334d64,2018-02-26 14:52:23.384904,1,1,250,,,,829
45845e15-8230-4507-9270-096a8516afbb,Not Available,1ppm7s7,A7.1,3c02ab67bce43fe4bd3889ade4334d64,2018-02-26 14:52:23.386915,1,1,250,,,,1022
45dd1ce1-55ab-4b0b-a33f-e80e180ae525,Not Available,bqh5y09,A7.2,3c02ab67bce43fe4bd3889ade4334d64,2018-02-26 14:52:23.388908,1,1,250,,,,1047
943628a7-bf19-40d2-91d6-5c653bf7882f,Available Now,gsjtzqw,B5,3c02ab67bce43fe4bd3889ade4334d64,2018-02-26 14:52:23.391057,2,2,350,3035,,,1275
5bf9aaa8-f7b3-491d-af66-3a6d2f129345,Available Now,8ff70v0,B2,3c02ab67bce43fe4bd3889ade4334d64,2018-02-26 14:52:23.393629,2,2,350,,3480,3535,1334
28854bf1-3bd7-4819-8d37-c07c99fe813d,Not Available,3e0pvkg,B3,3c02ab67bce43fe4bd3889ade4334d64,2018-02-26 14:52:23.395707,2,2,350,,2765,2985,1260
8f8553f9-ad05-4702-8af1-b3e8720c2853,Not Available,c8nyydd,B6,3c02ab67bce43fe4bd3889ade4334d64,2018-02-26 14:52:23.397711,2,2,350,,3245,3335,1299
c2601103-dd39-4da0-977d-bf6e9128f4b7,Not Available,tc25deb,B4.1,3c02ab67bce43fe4bd3889ade4334d64,2018-02-26 14:52:23.399697,2,2,350,3270,,,1292
dc34f07a-8276-4c27-959d-7c2f0d978bee,Not Available,ehnrffm,B4,3c02ab67bce43fe4bd3889ade4334d64,2018-02-26 14:52:23.401838,2,2,350,,3490,3570,1292
eb570115-82a2-4485-afd0-32d18cd28379,Not Available,4vvc56l,B1,3c02ab67bce43fe4bd3889ade4334d64,2018-02-26 14:52:23.404108,2,2,350,,,,1247
89811945-2104-426b-9537-54b88f0b666d,Not Available,t78njf8,B7,3c02ab67bce43fe4bd3889ade4334d64,2018-02-26 14:52:23.406125,2,2,350,,,,1392
118bffd1-054d-42b2-85b3-17ad8336b74e,Not Available,mfqvghj,B2.1,3c02ab67bce43fe4bd3889ade4334d64,2018-02-26 14:52:23.408109,2,2,350,,,,1262
eb43faca-1fe0-4d86-a7f8-1e8e1a396cd4,Available Now,whwwhej,Capitol,753c73522a4a1b81538c9b12481d42a9,2018-02-26 14:52:24.134969,1,1,300,,1760,2370,633
c0648cc6-e196-4552-8a48-bce939f3b91a,Available Now,erxqr7q,Chavez,753c73522a4a1b81538c9b12481d42a9,2018-02-26 14:52:24.137041,2,1,300,,2225,3075,926
34cd8e9e-60a3-445d-bb17-1462474b43e0,Available Now,tddt4gb,Guadalupe,753c73522a4a1b81538c9b12481d42a9,2018-02-26 14:52:24.139046,2,2,500,,2920,3260,1112
1aa946a5-8dce-4e3f-a907-cf914078eefa,Available Now,ytmy2wr,Stephen F. Austin,753c73522a4a1b81538c9b12481d42a9,2018-02-26 14:52:24.141250,2,2,500,,3340,4205,1427
11a45e41-0ac6-4782-9712-991121425115,Available Now,7kmxbhy,Longhorn,753c73522a4a1b81538c9b12481d42a9,2018-02-26 14:52:24.143787,2,2,500,,3370,4215,1495
55064742-0dda-49ac-917f-49f14eb5852b,Not Available,py5p6tv,Rio Grande,753c73522a4a1b81538c9b12481d42a9,2018-02-26 14:52:24.146907,1,1,300,,,,860
b4ffdc6d-52fa-476c-88e2-3b2e1ea660f6,Not Available,5z0zz9n,Travis,753c73522a4a1b81538c9b12481d42a9,2018-02-26 14:52:24.149679,1,1,300,,,,771
14c039b3-c0bb-4831-bc75-1fa7f4c13378,Not Available,xwg7wcm,Austin,753c73522a4a1b81538c9b12481d42a9,2018-02-26 14:52:24.152095,1,1,300,,,,824
2430113d-6ffb-4010-8edb-d8f188f57e42,Not Available,31rs9vg,Republic,753c73522a4a1b81538c9b12481d42a9,2018-02-26 14:52:24.154428,2,2,500,,,,1341
a6d3a19e-0bd5-4c0d-98d2-bfdfdc4479a9,Not Available,pvjp32r,Congress,753c73522a4a1b81538c9b12481d42a9,2018-02-26 14:52:24.157601,2,2,500,,,,1144
a26138b5-4ba3-4319-97c4-b10a87bcc0ce,Available Now,whwwhej,Capitol,753c73522a4a1b81538c9b12481d42a9,2018-02-26 14:52:24.159671,1,1,300,,1760,2370,633
6d9343ae-61dc-44e8-a79f-70139d1b2c57,Available Now,erxqr7q,Chavez,753c73522a4a1b81538c9b12481d42a9,2018-02-26 14:52:24.161670,2,1,300,,2225,3075,926
3b5caf52-472a-44a1-ab4d-3a9b0d801284,Not Available,py5p6tv,Rio Grande,753c73522a4a1b81538c9b12481d42a9,2018-02-26 14:52:24.163663,1,1,300,,,,860
841d3bae-4dc0-4a88-8edf-fb349e5116a3,Not Available,5z0zz9n,Travis,753c73522a4a1b81538c9b12481d42a9,2018-02-26 14:52:24.166251,1,1,300,,,,771
4b5f1667-5697-4f42-b41e-1bdb1f9a980d,Not Available,xwg7wcm,Austin,753c73522a4a1b81538c9b12481d42a9,2018-02-26 14:52:24.169432,1,1,300,,,,824
3ab1ca96-bcb3-4fe8-9c9e-a0b428056d49,Available Now,tddt4gb,Guadalupe,753c73522a4a1b81538c9b12481d42a9,2018-02-26 14:52:24.172364,2,2,500,,2920,3260,1112
d573d1a4-ffae-4190-8245-774778400dcd,Available Now,ytmy2wr,Stephen F. Austin,753c73522a4a1b81538c9b12481d42a9,2018-02-26 14:52:24.175220,2,2,500,,3340,4205,1427
3720a470-02c2-47cd-9a1f-fe43ef978c22,Available Now,7kmxbhy,Longhorn,753c73522a4a1b81538c9b12481d42a9,2018-02-26 14:52:24.177766,2,2,500,,3370,4215,1495
1f704ac9-c5de-4f02-92e5-141c07cd82f2,Not Available,31rs9vg,Republic,753c73522a4a1b81538c9b12481d42a9,2018-02-26 14:52:24.180064,2,2,500,,,,1341
d8004fa1-71f6-48a6-823d-0d6895cb06bd,Not Available,pvjp32r,Congress,753c73522a4a1b81538c9b12481d42a9,2018-02-26 14:52:24.182136,2,2,500,,,,1144
5c7006bf-2671-4d35-9dca-f285569030d3,Available Now,ewd11hq,EXR,ffd1c5ff8d6893a6366ebd88f2233f3c,2018-02-26 14:52:24.838026,1,0,0,,1345,2030,618
1ad82b0a-ef67-4764-a992-5eeabffe1e04,Available Now,qmgvjvz,ELMR,ffd1c5ff8d6893a6366ebd88f2233f3c,2018-02-26 14:52:24.840081,1,0,0,,1630,2135,717
d6b86ae6-887c-4fda-8969-71e2cff517eb,Available Now,fz3rtzr,EXMR,ffd1c5ff8d6893a6366ebd88f2233f3c,2018-02-26 14:52:24.842434,1,0,0,,1650,2335,726
b26c8aa6-196e-4110-9489-83b6e4953086,Available Now,9e850c7,AXR,ffd1c5ff8d6893a6366ebd88f2233f3c,2018-02-26 14:52:24.844486,1,1,0,,1445,2964,783
486b5610-3512-446a-bb60-1a539bc01b00,Available Now,ftqrz7v,ALR,ffd1c5ff8d6893a6366ebd88f2233f3c,2018-02-26 14:52:24.846476,1,1,0,,1550,3122,823
89080d8a-39dc-4b52-bf4a-5ede6fea91ce,Available Now,c587hbg,BXR,ffd1c5ff8d6893a6366ebd88f2233f3c,2018-02-26 14:52:24.848462,2,2,0,,1931,3123,1143
7347d808-5a19-4145-a886-1dd95ec94667,Available Now,5rx95pm,BLR,ffd1c5ff8d6893a6366ebd88f2233f3c,2018-02-26 14:52:24.850459,2,2,0,,2334,3384,1192
bca33589-8215-458e-b857-f8189a5d7b4c,Available Now,7p5cl7y,CDLR,ffd1c5ff8d6893a6366ebd88f2233f3c,2018-02-26 14:52:24.852466,3,3,0,,3525,4320,2103
b2f2935d-3a9b-4301-989a-7dd73251fe43,Not Available,02ppg33,ELR,ffd1c5ff8d6893a6366ebd88f2233f3c,2018-02-26 14:52:24.855172,1,0,0,,,,612
76ef5f57-5301-41e7-b95a-8c745cdae3e2,Not Available,zp6lley,ALMR,ffd1c5ff8d6893a6366ebd88f2233f3c,2018-02-26 14:52:24.858189,1,1,0,,,,1212
eb3f1453-15b3-4fea-ad6e-83af8bbae8cd,Not Available,tdedsr9,AXLW,ffd1c5ff8d6893a6366ebd88f2233f3c,2018-02-26 14:52:24.861019,1,1,0,,,,930
c968d8a6-63b2-40f6-a14c-67c7cbb7c307,Not Available,04fp9l1,AXMR,ffd1c5ff8d6893a6366ebd88f2233f3c,2018-02-26 14:52:24.863844,1,1,0,,,,856
427f5bd8-e8c7-45ed-88b4-84460945c3f6,Not Available,56vrrmm,ALLW,ffd1c5ff8d6893a6366ebd88f2233f3c,2018-02-26 14:52:24.866706,1,1,0,,,,827
5ccf6d3f-737c-4680-b9aa-66679a786ac9,Not Available,sg2n2q6,BXLW,ffd1c5ff8d6893a6366ebd88f2233f3c,2018-02-26 14:52:24.869018,2,2,0,,,,1469
59fa13d7-c33f-4b58-8c4a-86bb160faea7,Not Available,yrx8xvt,BDLR,ffd1c5ff8d6893a6366ebd88f2233f3c,2018-02-26 14:52:24.871279,2,2,0,,,,1341
d49b4143-7d89-4eef-9a0d-58b949e96ec0,Not Available,l0zznrd,BXMR,ffd1c5ff8d6893a6366ebd88f2233f3c,2018-02-26 14:52:24.873306,2,2,0,,,,1234
6d439840-1842-4e4f-821f-93bda9b44586,Available Now,ewd11hq,EXR,ffd1c5ff8d6893a6366ebd88f2233f3c,2018-02-26 14:52:24.875301,1,0,0,,1345,2030,618
ad340b27-3a6e-4a48-b7f3-190d37600a0d,Available Now,qmgvjvz,ELMR,ffd1c5ff8d6893a6366ebd88f2233f3c,2018-02-26 14:52:24.877304,1,0,0,,1630,2135,717
f4eb694c-9ab6-448a-8318-cb6571b78ac0,Available Now,fz3rtzr,EXMR,ffd1c5ff8d6893a6366ebd88f2233f3c,2018-02-26 14:52:24.879287,1,0,0,,1650,2335,726
62a54d52-df46-4ee2-b13a-bbfe99c385f4,Not Available,02ppg33,ELR,ffd1c5ff8d6893a6366ebd88f2233f3c,2018-02-26 14:52:24.881270,1,0,0,,,,612
bf04b891-76e3-47fb-841a-fa82831d5f49,Available Now,9e850c7,AXR,ffd1c5ff8d6893a6366ebd88f2233f3c,2018-02-26 14:52:24.883248,1,1,0,,1445,2964,783
14db0f2c-ae44-4b11-9dfc-fe75e0e0f33b,Available Now,ftqrz7v,ALR,ffd1c5ff8d6893a6366ebd88f2233f3c,2018-02-26 14:52:24.885253,1,1,0,,1550,3122,823
b4f1d0be-0c74-4320-8a16-6fd63b105d6a,Not Available,zp6lley,ALMR,ffd1c5ff8d6893a6366ebd88f2233f3c,2018-02-26 14:52:24.887599,1,1,0,,,,1212
3dc4df33-1921-4767-9098-1fe321aa3af6,Not Available,tdedsr9,AXLW,ffd1c5ff8d6893a6366ebd88f2233f3c,2018-02-26 14:52:24.889632,1,1,0,,,,930
94ee4157-8117-4f37-becc-ef85d8329b51,Not Available,04fp9l1,AXMR,ffd1c5ff8d6893a6366ebd88f2233f3c,2018-02-26 14:52:24.891763,1,1,0,,,,856
f091912e-8f04-4b3a-8717-a6f69da6af9e,Not Available,56vrrmm,ALLW,ffd1c5ff8d6893a6366ebd88f2233f3c,2018-02-26 14:52:24.893754,1,1,0,,,,827
b2870563-d3d8-479c-b395-f196e34e9d25,Available Now,c587hbg,BXR,ffd1c5ff8d6893a6366ebd88f2233f3c,2018-02-26 14:52:24.895745,2,2,0,,1931,3123,1143
79300d27-3804-419b-92e3-30955d060897,Available Now,5rx95pm,BLR,ffd1c5ff8d6893a6366ebd88f2233f3c,2018-02-26 14:52:24.897750,2,2,0,,2334,3384,1192
9fd8e7aa-c6d7-43b7-8787-d3cfb71ef9b0,Not Available,sg2n2q6,BXLW,ffd1c5ff8d6893a6366ebd88f2233f3c,2018-02-26 14:52:24.900399,2,2,0,,,,1469
46347a84-f73c-4a46-a0c8-615d0acb877c,Not Available,yrx8xvt,BDLR,ffd1c5ff8d6893a6366ebd88f2233f3c,2018-02-26 14:52:24.902448,2,2,0,,,,1341
68e37e91-0264-464b-ab6c-0a573df8eeb1,Not Available,l0zznrd,BXMR,ffd1c5ff8d6893a6366ebd88f2233f3c,2018-02-26 14:52:24.904475,2,2,0,,,,1234
aaeeb0c4-6ed5-479d-b195-c46294c05e93,Available Now,7p5cl7y,CDLR,ffd1c5ff8d6893a6366ebd88f2233f3c,2018-02-26 14:52:24.906463,3,3,0,,3525,4320,2103
75ed4071-9850-42d0-89bb-714fb53d487b,Available Now,ly86xre,1A,878c82adb09e65ea4521738f1c19308a,2018-02-26 14:52:25.759152,1,1,300,,1969,2075,504
be634bcb-0155-4112-a2c7-400be13f175b,Available Now,s5x8756,1I,878c82adb09e65ea4521738f1c19308a,2018-02-26 14:52:25.761211,1,1,300,,2192,3019,792
36dae414-e27d-4654-bd45-8cd837d212b4,Available Now,xpjd4fq,1K,878c82adb09e65ea4521738f1c19308a,2018-02-26 14:52:25.763194,1,1,300,,2474,2487,830
f7dab477-2c76-4696-bf57-fdca80054e31,Available Now,4zngetj,1E,878c82adb09e65ea4521738f1c19308a,2018-02-26 14:52:25.765557,1,1,300,,2509,2754,702
0c32aced-f052-44ee-a2b7-cbe5fa731873,Available Now,vexbq4f,1P,878c82adb09e65ea4521738f1c19308a,2018-02-26 14:52:25.767596,1,1,300,,2558,3077,925
389c61ee-9fe6-4758-a869-1c297e3987dd,Available Now,xjed36n,1H,878c82adb09e65ea4521738f1c19308a,2018-02-26 14:52:25.769581,1,1,300,,2611,2690,777
c0f83afd-e21b-4218-91d8-352bbc124895,Available Now,t1fjv2c,1J,878c82adb09e65ea4521738f1c19308a,2018-02-26 14:52:25.771664,1,1,300,,2678,2753,829
8d0278ac-8448-482c-bdf3-e57dc78257b1,Available Now,937r1s4,1S,878c82adb09e65ea4521738f1c19308a,2018-02-26 14:52:25.773646,1,1,300,,2707,2834,1041
5a1ae042-09df-4720-9f1a-391e5432fdd4,Available Now,t6kjwb9,1M,878c82adb09e65ea4521738f1c19308a,2018-02-26 14:52:25.775769,1,1,300,,2714,2790,821
afbd3c53-be1d-4f04-af3f-f89e5a5bf4a8,Available Now,8fh3d71,1Q,878c82adb09e65ea4521738f1c19308a,2018-02-26 14:52:25.778055,1,1,300,,2952,3036,958
b39956ae-5405-464c-ad36-dbeae69a3f44,Available Now,38bkkpe,1O,878c82adb09e65ea4521738f1c19308a,2018-02-26 14:52:25.780065,1,1,300,,3168,3257,909
88628180-c034-4f35-a56f-af86b4052473,Available Now,dt0784k,2A,878c82adb09e65ea4521738f1c19308a,2018-02-26 14:52:25.782049,2,2,400,,3264,3553,1048
261c5de3-c301-45f3-9d1e-41eac187d952,Available Now,4wsgfkh,2B,878c82adb09e65ea4521738f1c19308a,2018-02-26 14:52:25.784039,2,2,400,,3837,4592,1092
d3cb69e4-ee0d-43dd-8485-91fe8291cc45,Available Now,t7pjxk9,2I,878c82adb09e65ea4521738f1c19308a,2018-02-26 14:52:25.786032,2,2,400,,5228,7244,1601
fc7a358a-e463-4c5f-a882-ed06f93df82f,Available Now,dv479wk,2K,878c82adb09e65ea4521738f1c19308a,2018-02-26 14:52:25.788383,2,2,400,5699,,,1774
945a9c2c-eb7d-40f5-8797-087ba65eefc4,Available Now,wsfqc0l,2L,878c82adb09e65ea4521738f1c19308a,2018-02-26 14:52:25.790864,2,2,400,,7104,7222,2044
e43ff7f0-30f4-4078-be35-320f43a486ff,Available Now,7t2ph5w,3B,878c82adb09e65ea4521738f1c19308a,2018-02-26 14:52:25.793857,3,3,500,,8095,8229,2197
44db8c21-cc3e-48b0-b725-6e218f1cbbd6,Available Now,96lr417,3C,878c82adb09e65ea4521738f1c19308a,2018-02-26 14:52:25.796704,3,3,500,,9255,9522,2567
307b5cbe-d94f-4ace-b961-27291fab65b7,Not Available,gt3yh3w,1G,878c82adb09e65ea4521738f1c19308a,2018-02-26 14:52:25.799946,1,1,300,,,,792
ea1631b2-e7c4-4bc1-9086-efd7db4fcbe0,Available Now,ly86xre,1A,878c82adb09e65ea4521738f1c19308a,2018-02-26 14:52:25.802429,1,1,300,,1969,2075,504
aaebb038-0369-4208-ba4f-2bcfd64d21d0,Available Now,s5x8756,1I,878c82adb09e65ea4521738f1c19308a,2018-02-26 14:52:25.804682,1,1,300,,2192,3019,792
8e6dc35f-06a9-45b3-892f-497019ccec06,Available Now,xpjd4fq,1K,878c82adb09e65ea4521738f1c19308a,2018-02-26 14:52:25.806666,1,1,300,,2474,2487,830
f64f91e8-50ec-4c39-8c34-7d6825b28171,Available Now,4zngetj,1E,878c82adb09e65ea4521738f1c19308a,2018-02-26 14:52:25.808651,1,1,300,,2509,2754,702
0a3d3ecd-d632-41d5-a5e6-4f206242e2cb,Available Now,vexbq4f,1P,878c82adb09e65ea4521738f1c19308a,2018-02-26 14:52:25.811010,1,1,300,,2558,3077,925
c1229f71-8efb-490a-91b7-f789750c52eb,Available Now,xjed36n,1H,878c82adb09e65ea4521738f1c19308a,2018-02-26 14:52:25.813052,1,1,300,,2611,2690,777
61cc87dc-a3aa-4e3d-babb-e696396abb9c,Available Now,t1fjv2c,1J,878c82adb09e65ea4521738f1c19308a,2018-02-26 14:52:25.815031,1,1,300,,2678,2753,829
b1f712ea-e8bc-44b6-ab00-0e746ce0aa0b,Available Now,937r1s4,1S,878c82adb09e65ea4521738f1c19308a,2018-02-26 14:52:25.817017,1,1,300,,2707,2834,1041
2b692420-c431-4796-953a-9ab7d3284456,Available Now,t6kjwb9,1M,878c82adb09e65ea4521738f1c19308a,2018-02-26 14:52:25.819006,1,1,300,,2714,2790,821
1750461a-e30e-4c61-ae72-295738d8fc69,Available Now,8fh3d71,1Q,878c82adb09e65ea4521738f1c19308a,2018-02-26 14:52:25.821343,1,1,300,,2952,3036,958
8ba9c32f-913f-4798-a1d6-e6bad2d60997,Available Now,38bkkpe,1O,878c82adb09e65ea4521738f1c19308a,2018-02-26 14:52:25.823436,1,1,300,,3168,3257,909
65b60ffd-0af7-45bd-8a9d-7bf988b9fd60,Not Available,gt3yh3w,1G,878c82adb09e65ea4521738f1c19308a,2018-02-26 14:52:25.825435,1,1,300,,,,792
9a19d1c8-cfba-49d4-8f0a-53cd27930c8e,Available Now,dt0784k,2A,878c82adb09e65ea4521738f1c19308a,2018-02-26 14:52:25.827433,2,2,400,,3264,3553,1048
234bcc54-59ac-4307-92dc-8dacfbc629ca,Available Now,4wsgfkh,2B,878c82adb09e65ea4521738f1c19308a,2018-02-26 14:52:25.829424,2,2,400,,3837,4592,1092
f4c9a477-5726-4e3c-9c9b-62ec8b2ee893,Available Now,t7pjxk9,2I,878c82adb09e65ea4521738f1c19308a,2018-02-26 14:52:25.831444,2,2,400,,5228,7244,1601
42eac37a-7d5a-4f69-a251-c13446e0683d,Available Now,dv479wk,2K,878c82adb09e65ea4521738f1c19308a,2018-02-26 14:52:25.834697,2,2,400,5699,,,1774
e1683faf-0a11-493d-b144-b76ab0c042af,Available Now,wsfqc0l,2L,878c82adb09e65ea4521738f1c19308a,2018-02-26 14:52:25.837617,2,2,400,,7104,7222,2044
932a0a65-c18d-4234-ab80-dc3552454d7d,Available Now,7t2ph5w,3B,878c82adb09e65ea4521738f1c19308a,2018-02-26 14:52:25.840477,3,3,500,,8095,8229,2197
4ee01974-e5ac-4a93-ae4d-9386dd4b3eb5,Available Now,96lr417,3C,878c82adb09e65ea4521738f1c19308a,2018-02-26 14:52:25.843175,3,3,500,,9255,9522,2567
9f495536-3fbc-4835-9c99-f7eb309db99a,Available Now,1bz5xt7,S1,5c78f2b9ab336c969bf7becf26d27552,2018-02-26 14:52:26.764398,1,0,200,,1390,1465,416
6ea713a2-b9b9-4b13-a351-a7b120bbc0c5,Available Now,befxyk9,S1,5c78f2b9ab336c969bf7becf26d27552,2018-02-26 14:52:26.767351,1,0,0,1465,,,416
1418c69f-7075-4f44-a95e-69933491d0c7,Available Now,9d6evd5,S4,5c78f2b9ab336c969bf7becf26d27552,2018-02-26 14:52:26.769392,1,0,200,,1740,1865,729
6467aef9-06c2-490a-81cd-571ad40c0939,Available Now,e1jpsgp,S4,5c78f2b9ab336c969bf7becf26d27552,2018-02-26 14:52:26.771393,1,0,0,1865,,,729
94ebdf7a-132d-4193-95dd-309cfaaa225d,Available Now,qr2hnrz,A1,5c78f2b9ab336c969bf7becf26d27552,2018-02-26 14:52:26.773378,1,1,200,,1515,1670,678
a42d8df0-f9e8-4a76-b7c9-bd543b1678d8,Available Now,h9g38m3,A1,5c78f2b9ab336c969bf7becf26d27552,2018-02-26 14:52:26.775373,1,1,0,1515,,,678
4ba8dddf-b96e-46d5-9d61-5a93783a34a0,Available Now,mqbbhck,A2,5c78f2b9ab336c969bf7becf26d27552,2018-02-26 14:52:26.777708,1,1,200,,1660,1750,733
baabf587-6890-4aa5-84cd-7cede83cb768,Available Now,41jzz7k,A2,5c78f2b9ab336c969bf7becf26d27552,2018-02-26 14:52:26.779742,1,1,0,1710,,,733
ecdc327d-cade-415f-8c05-df5528a51461,Available Now,ms1r0ej,A1 ALT2,5c78f2b9ab336c969bf7becf26d27552,2018-02-26 14:52:26.781730,1,1,200,,1680,1865,692
658210dc-ca88-48a9-bf3a-d20e9bb356fd,Available Now,q2tpbcw,A1 ALT2,5c78f2b9ab336c969bf7becf26d27552,2018-02-26 14:52:26.783983,1,1,0,1730,,,692
268c5399-e1cf-400a-8c63-adf88d148834,Available Now,m3f5jek,A1 ALT2,5c78f2b9ab336c969bf7becf26d27552,2018-02-26 14:52:26.786014,1,1,0,1815,,,692
097e8b10-5ceb-4749-ae82-a83666bc4971,Available Now,5vv1w1q,A4,5c78f2b9ab336c969bf7becf26d27552,2018-02-26 14:52:26.788008,1,1,200,1895,,,890
764b9807-985c-4d25-84cb-f7411bde1011,Available Now,v8f166e,A4,5c78f2b9ab336c969bf7becf26d27552,2018-02-26 14:52:26.790334,1,1,0,1895,,,890
275d43a2-9460-46d6-9653-32bb885ff5c3,Available Now,pl9tkwr,B1,5c78f2b9ab336c969bf7becf26d27552,2018-02-26 14:52:26.792395,2,2,400,,2235,2335,1020
d8fde161-923c-411d-ad1f-5c97216cb39d,Available Now,jc85195,B1,5c78f2b9ab336c969bf7becf26d27552,2018-02-26 14:52:26.794387,2,2,0,2235,,,1020
b572ba37-1f57-4bc6-977c-566bd21e37bc,Available Now,tkwv2g9,B1,5c78f2b9ab336c969bf7becf26d27552,2018-02-26 14:52:26.796377,2,2,0,2290,,,1020
e9373f49-8446-41fb-bae5-04a8be5d358d,Mar 1,k0e084c,A2,5c78f2b9ab336c969bf7becf26d27552,2018-02-26 14:52:26.798367,1,1,0,1725,,,733
8a62c464-90ca-466c-a947-bb383cb14ac6,Mar 1,49c589l,A2,5c78f2b9ab336c969bf7becf26d27552,2018-02-26 14:52:26.800698,1,1,0,1750,,,733
4be28172-b209-4083-b6da-f368602c46ea,Mar 8,q494wny,A2,5c78f2b9ab336c969bf7becf26d27552,2018-02-26 14:52:26.802734,1,1,0,1725,,,733
ce7f5c9f-b725-4cbf-ac7d-39315ac754bb,Mar 30,jy8ymd4,S4,5c78f2b9ab336c969bf7becf26d27552,2018-02-26 14:52:26.804728,1,0,0,1765,,,729
077bcf6e-9f2a-405c-9e3b-049444f5bf1f,Mar 31,m53gvcj,A1 ALT2,5c78f2b9ab336c969bf7becf26d27552,2018-02-26 14:52:26.806716,1,1,0,1680,,,692
b915b41f-9cf0-4009-97af-6f398dc33501,Mar 31,c5rvm9e,B1,5c78f2b9ab336c969bf7becf26d27552,2018-02-26 14:52:26.808714,2,2,0,2270,,,1020
43a698a7-5e3f-4610-af37-526e7d42dfef,Apr 6,r945d21,S2,5c78f2b9ab336c969bf7becf26d27552,2018-02-26 14:52:26.810959,1,0,200,1430,,,485
9bd06979-b599-4277-8433-b15262215cdc,Apr 6,whtfzfk,S2,5c78f2b9ab336c969bf7becf26d27552,2018-02-26 14:52:26.813094,1,0,0,1430,,,485
a9ecf769-f359-48df-b0fd-6a460626c1dd,Apr 10,kk14069,A2,5c78f2b9ab336c969bf7becf26d27552,2018-02-26 14:52:26.815391,1,1,0,1750,,,733
f3bf84fd-56a4-479d-b614-a6853a7ba862,Apr 13,kd6d31c,A3 ANSI,5c78f2b9ab336c969bf7becf26d27552,2018-02-26 14:52:26.817712,1,1,200,1845,,,758
8f7298ba-fcdf-40fb-8be1-648eb41df499,Apr 13,0xm0vw1,A3 ANSI,5c78f2b9ab336c969bf7becf26d27552,2018-02-26 14:52:26.819753,1,1,0,1845,,,758
5a08d8b8-4ecb-4948-bdae-cdcf44b25a41,Apr 14,nxr8jfp,S4,5c78f2b9ab336c969bf7becf26d27552,2018-02-26 14:52:26.821983,1,0,0,1740,,,729
3b02d0aa-a95b-4752-9d0f-45b33fda5795,Apr 20,kz9tekb,A1 ALT2,5c78f2b9ab336c969bf7becf26d27552,2018-02-26 14:52:26.824739,1,1,0,1865,,,692
6e738c3f-40d9-4028-be53-74e60227ba9f,Apr 20,j9jnyy6,B2,5c78f2b9ab336c969bf7becf26d27552,2018-02-26 14:52:26.827809,2,2,400,,2460,2495,1095
611f8c88-2392-424f-a29a-15c844d47480,Apr 20,l58bd6g,B2,5c78f2b9ab336c969bf7becf26d27552,2018-02-26 14:52:26.830662,2,2,0,2495,,,1120
53e1e5b7-5628-4394-87b4-f258899a8204,Apr 21,ql0b7zw,S1,5c78f2b9ab336c969bf7becf26d27552,2018-02-26 14:52:26.834105,1,0,0,1390,,,416
f7527ee6-6e43-4be0-aabd-c8cc9069db9b,Apr 21,mk7ly0k,B1,5c78f2b9ab336c969bf7becf26d27552,2018-02-26 14:52:26.836672,2,2,0,2335,,,1020
a710b20e-948a-4f34-ab0d-10594cb0dc84,Apr 24,v592d0g,A2,5c78f2b9ab336c969bf7becf26d27552,2018-02-26 14:52:26.838954,1,1,0,1660,,,733
f354e640-6738-47a3-b5e0-b82101df8157,Apr 28,wnbzm4j,B2,5c78f2b9ab336c969bf7becf26d27552,2018-02-26 14:52:26.840947,2,2,0,2460,,,1095
57a62056-c53d-4dd9-af54-4d77ac2db763,May 1,dwkj9nk,B3,5c78f2b9ab336c969bf7becf26d27552,2018-02-26 14:52:26.842927,2.5,2,400,2630,,,1266
e1ade101-e162-42be-a458-7bda6c8c08fb,May 1,ssr8pn4,B3,5c78f2b9ab336c969bf7becf26d27552,2018-02-26 14:52:26.845190,2.5,2,0,2630,,,1266
bc131f63-6db6-43a3-acd1-f8f88ece7be4,May 2,qnvj1xy,S1,5c78f2b9ab336c969bf7becf26d27552,2018-02-26 14:52:26.847300,1,0,0,1400,,,416
f958a80e-ecb5-483c-bfac-c5839faf6a0b,Not Available,yx302wv,A5,5c78f2b9ab336c969bf7becf26d27552,2018-02-26 14:52:26.849285,1,1,200,,,,1002
e273960b-4838-4a89-bfb4-17062984edab,Not Available,c91xr3g,A3,5c78f2b9ab336c969bf7becf26d27552,2018-02-26 14:52:26.851286,1,1,200,,,,740
f2aab248-7c9e-46a3-a210-59bc56370969,Not Available,879ph22,B4,5c78f2b9ab336c969bf7becf26d27552,2018-02-26 14:52:26.853268,2,2,400,,,,1271
c6e6e63e-c6e9-4e89-b087-951f097a7199,Not Available,esk9yqp,B1 ANSI,5c78f2b9ab336c969bf7becf26d27552,2018-02-26 14:52:26.855250,2,2,400,,,,1040
f7a622d2-25cc-4ca1-acb2-38a09f8ab651,Available Now,1bz5xt7,S1,5c78f2b9ab336c969bf7becf26d27552,2018-02-26 14:52:26.857409,1,0,200,,1390,1465,416
ceb6b0d7-6f60-4660-a3c5-273a479738b9,Available Now,befxyk9,S1,5c78f2b9ab336c969bf7becf26d27552,2018-02-26 14:52:26.859401,1,0,0,1465,,,416
3ca73936-51fc-4fd6-a744-fb02df1cf141,Available Now,9d6evd5,S4,5c78f2b9ab336c969bf7becf26d27552,2018-02-26 14:52:26.861387,1,0,200,,1740,1865,729
08133e33-85e5-41de-b33b-8c4b85049467,Available Now,e1jpsgp,S4,5c78f2b9ab336c969bf7becf26d27552,2018-02-26 14:52:26.863370,1,0,0,1865,,,729
2cb43b22-fac7-4068-8447-da39f0d49d0e,Mar 30,jy8ymd4,S4,5c78f2b9ab336c969bf7becf26d27552,2018-02-26 14:52:26.865475,1,0,0,1765,,,729
1e4259fb-2514-44cb-a965-b8414a7a19c6,Apr 6,r945d21,S2,5c78f2b9ab336c969bf7becf26d27552,2018-02-26 14:52:26.868724,1,0,200,1430,,,485
931a480e-fe06-4c0b-b815-3c0e0ce23a9d,Apr 6,whtfzfk,S2,5c78f2b9ab336c969bf7becf26d27552,2018-02-26 14:52:26.870773,1,0,0,1430,,,485
211cff89-fe30-46a0-969f-c4544a40648d,Apr 14,nxr8jfp,S4,5c78f2b9ab336c969bf7becf26d27552,2018-02-26 14:52:26.873315,1,0,0,1740,,,729
febe69ad-730d-4dea-af05-eec0833f88c8,Apr 21,ql0b7zw,S1,5c78f2b9ab336c969bf7becf26d27552,2018-02-26 14:52:26.876206,1,0,0,1390,,,416
0300f571-dfb9-498f-96ad-6eb73abe3227,May 2,qnvj1xy,S1,5c78f2b9ab336c969bf7becf26d27552,2018-02-26 14:52:26.879302,1,0,0,1400,,,416
cab81bf4-490f-47a4-8965-6b594c0ffb0e,Available Now,qr2hnrz,A1,5c78f2b9ab336c969bf7becf26d27552,2018-02-26 14:52:26.881378,1,1,200,,1515,1670,678
b6305f3f-903c-4067-a549-6526506db980,Available Now,h9g38m3,A1,5c78f2b9ab336c969bf7becf26d27552,2018-02-26 14:52:26.883378,1,1,0,1515,,,678
4d6f2c33-e9fd-4956-8d2b-ebaa4efea08e,Available Now,mqbbhck,A2,5c78f2b9ab336c969bf7becf26d27552,2018-02-26 14:52:26.885358,1,1,200,,1660,1750,733
4c1e6496-4e6b-493f-962a-5d55d54e4305,Available Now,41jzz7k,A2,5c78f2b9ab336c969bf7becf26d27552,2018-02-26 14:52:26.887338,1,1,0,1710,,,733
4d80d3da-ab94-4718-9c34-8aa0bcb0bdd2,Available Now,ms1r0ej,A1 ALT2,5c78f2b9ab336c969bf7becf26d27552,2018-02-26 14:52:26.889335,1,1,200,,1680,1865,692
e9b73563-71ed-4fee-a561-154a3482632a,Available Now,q2tpbcw,A1 ALT2,5c78f2b9ab336c969bf7becf26d27552,2018-02-26 14:52:26.891431,1,1,0,1730,,,692
c723dbdd-cb72-49da-aaa7-bf4cb2a31c8f,Available Now,m3f5jek,A1 ALT2,5c78f2b9ab336c969bf7becf26d27552,2018-02-26 14:52:26.893431,1,1,0,1815,,,692
2b2a206a-535b-4b77-8dbb-07b1f9d0ea7d,Available Now,5vv1w1q,A4,5c78f2b9ab336c969bf7becf26d27552,2018-02-26 14:52:26.895406,1,1,200,1895,,,890
72c48dd5-86c9-4c9b-a470-b6759fb8ed36,Available Now,v8f166e,A4,5c78f2b9ab336c969bf7becf26d27552,2018-02-26 14:52:26.897388,1,1,0,1895,,,890
3ac625b9-e7dd-49ad-a505-188739681c82,Mar 1,k0e084c,A2,5c78f2b9ab336c969bf7becf26d27552,2018-02-26 14:52:26.899369,1,1,0,1725,,,733
075e2c72-d5f0-42be-a552-4e2670a2a408,Mar 1,49c589l,A2,5c78f2b9ab336c969bf7becf26d27552,2018-02-26 14:52:26.901356,1,1,0,1750,,,733
ee8d6371-527c-4b44-8b4c-64da38e792db,Mar 8,q494wny,A2,5c78f2b9ab336c969bf7becf26d27552,2018-02-26 14:52:26.903333,1,1,0,1725,,,733
6c287b6d-c275-4852-81b9-9bd266b6f687,Mar 31,m53gvcj,A1 ALT2,5c78f2b9ab336c969bf7becf26d27552,2018-02-26 14:52:26.905333,1,1,0,1680,,,692
eb72f707-7ceb-4444-8f2e-9c1e0f0fc3ff,Apr 10,kk14069,A2,5c78f2b9ab336c969bf7becf26d27552,2018-02-26 14:52:26.907318,1,1,0,1750,,,733
65c78886-ba50-4943-9b51-2626b23c5478,Apr 13,kd6d31c,A3 ANSI,5c78f2b9ab336c969bf7becf26d27552,2018-02-26 14:52:26.909295,1,1,200,1845,,,758
1acc0417-d08a-4aae-bcaa-ce4ed0dde236,Apr 13,0xm0vw1,A3 ANSI,5c78f2b9ab336c969bf7becf26d27552,2018-02-26 14:52:26.911284,1,1,0,1845,,,758
d7b3ce6d-c9c5-47de-a29c-ad84c88a032b,Apr 20,kz9tekb,A1 ALT2,5c78f2b9ab336c969bf7becf26d27552,2018-02-26 14:52:26.913264,1,1,0,1865,,,692
ed70189b-65b0-434b-8c95-f4450306e463,Apr 24,v592d0g,A2,5c78f2b9ab336c969bf7becf26d27552,2018-02-26 14:52:26.915244,1,1,0,1660,,,733
a30570a1-4f45-4b53-b49f-d1f1a4e7f2de,Not Available,yx302wv,A5,5c78f2b9ab336c969bf7becf26d27552,2018-02-26 14:52:26.917890,1,1,200,,,,1002
44fce51b-4a56-4763-b1b1-e4611ef5f272,Not Available,c91xr3g,A3,5c78f2b9ab336c969bf7becf26d27552,2018-02-26 14:52:26.920968,1,1,200,,,,740
9b2c587d-65bb-4db6-ba60-ec019044c38e,Available Now,pl9tkwr,B1,5c78f2b9ab336c969bf7becf26d27552,2018-02-26 14:52:26.923819,2,2,400,,2235,2335,1020
80005d07-bf4e-4c9d-8571-838a279ce566,Available Now,jc85195,B1,5c78f2b9ab336c969bf7becf26d27552,2018-02-26 14:52:26.926546,2,2,0,2235,,,1020
dd0ef6a9-baeb-4754-9ad1-f666c2b4de0e,Available Now,tkwv2g9,B1,5c78f2b9ab336c969bf7becf26d27552,2018-02-26 14:52:26.928965,2,2,0,2290,,,1020
8ec354ed-c48b-44f2-8624-d0f4418925ee,Mar 31,c5rvm9e,B1,5c78f2b9ab336c969bf7becf26d27552,2018-02-26 14:52:26.931201,2,2,0,2270,,,1020
76717bc5-932c-4327-ae82-a4d417fe3b19,Apr 20,j9jnyy6,B2,5c78f2b9ab336c969bf7becf26d27552,2018-02-26 14:52:26.933173,2,2,400,,2460,2495,1095
a1c3ad08-6f35-4b3a-a21d-337a0c02b2a5,Apr 20,l58bd6g,B2,5c78f2b9ab336c969bf7becf26d27552,2018-02-26 14:52:26.935592,2,2,0,2495,,,1120
92ce7a1f-8296-4e04-99e0-0f5af0c5f23f,Apr 21,mk7ly0k,B1,5c78f2b9ab336c969bf7becf26d27552,2018-02-26 14:52:26.937644,2,2,0,2335,,,1020
bab534d3-0e14-49e4-9b17-c18cd5d4b573,Apr 28,wnbzm4j,B2,5c78f2b9ab336c969bf7becf26d27552,2018-02-26 14:52:26.939627,2,2,0,2460,,,1095
cfc7b646-bb04-424c-9f56-36aaac266b75,May 1,dwkj9nk,B3,5c78f2b9ab336c969bf7becf26d27552,2018-02-26 14:52:26.941599,2.5,2,400,2630,,,1266
ab02d2e0-e2c4-41f4-8aac-6aa7d63ff293,May 1,ssr8pn4,B3,5c78f2b9ab336c969bf7becf26d27552,2018-02-26 14:52:26.943586,2.5,2,0,2630,,,1266
bc888b8d-71d3-4b49-92f1-69fcfce5e252,Not Available,879ph22,B4,5c78f2b9ab336c969bf7becf26d27552,2018-02-26 14:52:26.945565,2,2,400,,,,1271
e9bc67c0-8926-4deb-8304-d7028f303c40,Not Available,esk9yqp,B1 ANSI,5c78f2b9ab336c969bf7becf26d27552,2018-02-26 14:52:26.947538,2,2,400,,,,1040
6f0be8fc-ce5c-472b-8c73-e50434b5ecc8,Available Now,ghgly7x,Efficiency,ea95075ac70085f1beca90b8f354d79b,2018-02-26 14:52:27.584656,1,0,0,,1263,1271,523
e20166d8-5bcb-4c8f-a804-a205c92e0c31,Available Now,swb33e5,A2,ea95075ac70085f1beca90b8f354d79b,2018-02-26 14:52:27.586719,1,1,0,,1258,1272,523
c0656838-ca36-4b6f-be44-236354c98c46,Available Now,pf0pszt,A2 Lake,ea95075ac70085f1beca90b8f354d79b,2018-02-26 14:52:27.588699,1,1,0,,1370,1430,524
b2756470-201e-48b2-b78e-cc585b62daeb,Available Now,lq79h2d,A3,ea95075ac70085f1beca90b8f354d79b,2018-02-26 14:52:27.590682,1,1,0,,1423,1437,779
2313fc25-ffa6-4103-a1d6-5468186386f5,Available Now,5g5z0dm,B1,ea95075ac70085f1beca90b8f354d79b,2018-02-26 14:52:27.592964,1,2,0,,1669,1688,960
f6fa000f-8640-4a70-b471-aa6c4f8fa083,Not Available,1sxv6z6,A1 Lake,ea95075ac70085f1beca90b8f354d79b,2018-02-26 14:52:27.594978,1,0,0,1123,,,512
4f582c4c-e4e8-434c-a37a-c61abcc39ec0,Not Available,fxr8lsr,A3 Lake,ea95075ac70085f1beca90b8f354d79b,2018-02-26 14:52:27.598279,1,1,0,,1298,1378,758
7b1b3337-0b5b-4254-b89e-313451262227,Not Available,y8syz9r,A32 Lake,ea95075ac70085f1beca90b8f354d79b,2018-02-26 14:52:27.601160,1,1,0,1443,,,744
68b5a110-468e-4beb-a3e6-bb2ebffe5a17,Not Available,yeeytjv,B1 Lake,ea95075ac70085f1beca90b8f354d79b,2018-02-26 14:52:27.604028,2,2,0,1608,,,951
84c86ed2-e133-4123-aff1-d2f60c91844a,Available Now,ghgly7x,Efficiency,ea95075ac70085f1beca90b8f354d79b,2018-02-26 14:52:27.606690,1,0,0,,1263,1271,523
5ee0f29f-6a45-4f38-a922-cc7b4fa15fef,Not Available,1sxv6z6,A1 Lake,ea95075ac70085f1beca90b8f354d79b,2018-02-26 14:52:27.609268,1,0,0,1123,,,512
0d690b8d-8141-42ee-af71-4be02667d622,Available Now,swb33e5,A2,ea95075ac70085f1beca90b8f354d79b,2018-02-26 14:52:27.611448,1,1,0,,1258,1272,523
52fa3ac5-346d-4188-9881-b41920d5f295,Available Now,pf0pszt,A2 Lake,ea95075ac70085f1beca90b8f354d79b,2018-02-26 14:52:27.613437,1,1,0,,1370,1430,524
8058ef9c-d10d-4217-9240-fd922a9377f6,Available Now,lq79h2d,A3,ea95075ac70085f1beca90b8f354d79b,2018-02-26 14:52:27.615426,1,1,0,,1423,1437,779
b84c342d-7eeb-42bf-985c-2d51667cfa1e,Not Available,fxr8lsr,A3 Lake,ea95075ac70085f1beca90b8f354d79b,2018-02-26 14:52:27.617410,1,1,0,,1298,1378,758
3ccdef41-d201-4d71-b7fe-0f999f36d0ee,Not Available,y8syz9r,A32 Lake,ea95075ac70085f1beca90b8f354d79b,2018-02-26 14:52:27.619402,1,1,0,1443,,,744
c2a5fe59-f461-487c-a456-2ca76d38f0c4,Available Now,5g5z0dm,B1,ea95075ac70085f1beca90b8f354d79b,2018-02-26 14:52:27.621387,1,2,0,,1669,1688,960
5a647a7e-396c-4667-99fe-de792251ee6c,Not Available,yeeytjv,B1 Lake,ea95075ac70085f1beca90b8f354d79b,2018-02-26 14:52:27.623371,2,2,0,1608,,,951
31af2198-8af9-4d8d-bf9b-ed0794b60900,Not Available,l0m3rfd,One-Bedroom One-Bathroom,84748ba9d68e009030cc2243775e9de2,2018-02-26 14:52:28.137086,1,1,0,1200,,,548
db6c0214-be98-492c-8621-0fc3c321eb17,Not Available,dpd66hh,Two-Bedroom Two-Bathroom,84748ba9d68e009030cc2243775e9de2,2018-02-26 14:52:28.139568,2,2,200,,1500,1800,846
65cc4de5-edba-4b1f-a209-ce19c336b0c5,Not Available,z2yndpy,Three-Bedroom Two-Bathroom,84748ba9d68e009030cc2243775e9de2,2018-02-26 14:52:28.142215,2,3,0,2250,,,985
5814c653-07ca-4686-8fb8-267d56e30f74,Not Available,l0m3rfd,One-Bedroom One-Bathroom,84748ba9d68e009030cc2243775e9de2,2018-02-26 14:52:28.144388,1,1,0,1200,,,548
9d83efb7-5930-4f5d-8aa4-6247831e1749,Not Available,dpd66hh,Two-Bedroom Two-Bathroom,84748ba9d68e009030cc2243775e9de2,2018-02-26 14:52:28.146404,2,2,200,,1500,1800,846
6c984312-d7c3-431b-86b2-33cf0ebca54b,Not Available,z2yndpy,Three-Bedroom Two-Bathroom,84748ba9d68e009030cc2243775e9de2,2018-02-26 14:52:28.148382,2,3,0,2250,,,985
ffddff2f-c71b-4032-8294-8e3537a95fed,Available Now,veqws9g,1x1,ef703040b06b1c2aba71ffd0627fdea8,2018-02-26 14:52:28.585807,1,1,450,1395,,,696
645645e1-427d-4f7b-8496-c754a9e0cbb2,Available Now,rfr5260,2x2,ef703040b06b1c2aba71ffd0627fdea8,2018-02-26 14:52:28.587889,2,2,0,1550,,,1150
e4f29a37-74b0-415a-ba7c-e1e482dd597f,Available Now,veqws9g,1x1,ef703040b06b1c2aba71ffd0627fdea8,2018-02-26 14:52:28.590042,1,1,450,1395,,,696
385a9a92-0402-4c39-8f8a-5b7092cf5a46,Available Now,rfr5260,2x2,ef703040b06b1c2aba71ffd0627fdea8,2018-02-26 14:52:28.592099,2,2,0,1550,,,1150
a3adefd8-dd9c-4aab-a18f-5fb8dfc76532,Available Now,176esy5,A1,9f22a2103e25fd330b15783fa06ae02b,2018-02-26 14:52:29.257068,1,1,175,975,,,580
d029a63d-8f38-4d5c-ad1e-02d6f8c8d0f6,Available Now,e2nfllq,A2,9f22a2103e25fd330b15783fa06ae02b,2018-02-26 14:52:29.259921,1,1,175,1025,,,650
c2e5b696-8262-4e35-81cd-6f8121c4e7e5,Available Now,1hw2j66,A3,9f22a2103e25fd330b15783fa06ae02b,2018-02-26 14:52:29.262430,1,1,175,1075,,,730
e9c98530-9fc5-47ee-a0ed-eb46f64a37cf,Not Available,sdtjx77,B1,9f22a2103e25fd330b15783fa06ae02b,2018-02-26 14:52:29.265196,1,2,350,1450,,,860
3a88c001-cc97-40bd-8c33-5225395370e8,Not Available,wtkbm9h,B2,9f22a2103e25fd330b15783fa06ae02b,2018-02-26 14:52:29.267386,2,2,325,1550,,,918
40a642dc-c230-4ac5-9a1a-7b690e52fc6e,Not Available,tq03f3b,B3,9f22a2103e25fd330b15783fa06ae02b,2018-02-26 14:52:29.269378,2,2,325,1595,,,950
aa73da7d-1bac-4698-9a83-fd5e048c3a7b,Not Available,cf3781e,C1,9f22a2103e25fd330b15783fa06ae02b,2018-02-26 14:52:29.271744,2,3,0,2200,,,1160
8b10bba1-0979-4b42-9856-b22ebf9b095a,Available Now,176esy5,A1,9f22a2103e25fd330b15783fa06ae02b,2018-02-26 14:52:29.273807,1,1,175,975,,,580
5ada517e-3908-426b-998d-3fc92858592c,Available Now,e2nfllq,A2,9f22a2103e25fd330b15783fa06ae02b,2018-02-26 14:52:29.276225,1,1,175,1025,,,650
d03a4d97-6a2b-418b-b8b7-8a4895b08563,Available Now,1hw2j66,A3,9f22a2103e25fd330b15783fa06ae02b,2018-02-26 14:52:29.278385,1,1,175,1075,,,730
235a5e7b-cadf-4e5c-88c5-77aa3449ae74,Not Available,sdtjx77,B1,9f22a2103e25fd330b15783fa06ae02b,2018-02-26 14:52:29.280371,1,2,350,1450,,,860
427399b5-05b7-4cd8-9ac1-3b7ae18d89f9,Not Available,wtkbm9h,B2,9f22a2103e25fd330b15783fa06ae02b,2018-02-26 14:52:29.282361,2,2,325,1550,,,918
6e6b7428-5afc-48d0-848a-4ef2bdc77153,Not Available,tq03f3b,B3,9f22a2103e25fd330b15783fa06ae02b,2018-02-26 14:52:29.284388,2,2,325,1595,,,950
796a0504-909b-4ff9-b627-6ffbbdcecb8f,Not Available,cf3781e,C1,9f22a2103e25fd330b15783fa06ae02b,2018-02-26 14:52:29.286794,2,3,0,2200,,,1160
41d940d0-2a45-4fd6-b82e-e191ea58d487,Available Now,1teemf4,,fcea0edeab202e56759cdeb18e5c4d09,2018-02-26 14:52:29.816570,1,1,1800,1800,,,756
1ef13721-9db3-48bc-8e6c-4232c4d0b164,Apr 1,2xe2egc,,90f8723784d73ac088efbe5b9cc519ea,2018-02-26 14:52:30.408469,1,1,2200,2350,,,688
fc0fa803-fa98-41e1-abaa-ae73a4576707,Available Now,f3wsmts,,e4a92a6f842bf3469b03e284eecacf17,2018-02-26 14:52:30.839527,1,1,500,1783,,,727
58b8b80c-3eac-4754-8bb0-56ebca2a093d,Available Now,e5xtesm,,4da2a4631bdb3518ae2d62b2084da67c,2018-02-26 14:52:31.299412,1,1,200,1972,,,835
f3608560-8903-4e85-b463-37c5f6319e24,Available Now,f80hfkv,,461ef95e32bf15a31e5be7f2973afdb3,2018-02-26 14:52:31.837453,2,2,300,2745,,,1079
380d7b35-774d-43fe-b137-f3bd90544cb8,Available Now,pcg8eht,,fe51c100657b6e6584ae7887721f55b1,2018-02-26 14:52:32.311021,2,2,0,3035,,,1275
7fed4a4a-d6c8-4b9f-a806-3cef28f340f2,Available Now,bt8md1b,,572d5821db34114f4156109059b26d16,2018-02-26 14:52:32.757720,2,2,200,2766,,,1245
d39b0078-92bd-4439-b53d-0535acd318b5,Available Now,m7rxjzl,,44f9e510c68212beb72daf7964aa3035,2018-02-26 14:52:33.207557,2,2,500,2905,,,1097
fbdc6855-5e02-4ebe-abb0-6e745b11d74b,Available Now,ptmdeqv,,3e7f98c7bd102a365e0d2e81085a1fea,2018-02-26 14:52:33.620499,2,2,200,2198,,,1298
71f1fa2a-40ee-4498-a312-5404edbb8980,Available Now,zcxkwhz,,8f4d156b065498f96a1c773711c529d4,2018-02-26 14:52:34.157760,1,1,200,2250,,,901
956efac7-d4f6-4b59-938e-b8b27cde924e,Available Now,sh4dfh7,,024c517e80cac1c9571599e3d088e6d2,2018-02-26 14:52:34.645345,1,1,500,1765,,,663
205e7c71-a303-4b40-be1f-8750ddcd714b,Available Now,7bpyhtz,,beb7a514b06e58dfafe4416814ce2f80,2018-02-26 14:52:35.192901,1,1,200,1635,,,672
db172c9e-94ca-4f6f-8e8d-deb3b1ad9a37,Available Now,g7zc1wz,,99b68914b7ff135dba5d5e95cf61a29e,2018-02-26 14:52:35.653283,2,2,400,3625,,,1659
2944d674-8cea-476c-b868-fc31b15513ad,Available Now,2trbcz9,,cafe3a88c50965355564013f3e23e672,2018-02-26 14:52:36.551101,1,1,0,2115,,,926
f10108f9-9bbf-40ca-bbd4-9a1f6e18224e,Available Now,krkt938,,29fbe42f08a664ffae05e5e1187e1f3b,2018-02-26 14:52:36.994441,1,1,0,1825,,,593
5a220baa-03f5-41dc-9294-275b59ff435d,Available Now,fcdhett,,67cc5cc36614d00f869ebbaaf41c3a5a,2018-02-26 14:52:37.500292,2,2,0,2837,,,1380
e63e32ce-a566-4b59-b5d9-47f0ba434078,Available Now,jjf69h7,,19357c8031cf8784406a346a77022a18,2018-02-26 14:52:37.986473,1,1,250,2400,,,953
e55e5844-fdad-49df-b67b-9dabae47cc40,Available Now,cktp65g,,634df0981abfbcb5b5432f31bef36bbf,2018-02-26 14:52:38.416614,1,1,0,2175,,,706
d9da17dc-e4e8-4445-9b1c-f28f9612c49f,Available Now,hf05wc1,,430e18d933e56f7bd21f504cc90d8fa5,2018-02-26 14:52:38.854640,2,2,0,2766,,,1245
98797169-8adf-43f8-918b-34e439b1ea4a,Apr 7,sbpss57,,eab28148fc1fdd6a9d809c71c4f720bb,2018-02-26 14:52:39.313970,1,1,0,1868,,,708
